"Статус","Количество"
"Active","1"
"Total","1"
"Active","2"
"Total","2"
"Active","3"
"Total","3"
"Active","4"
"Total","4"
"Active","5"
"Total","5"
"Active","6"
"Total","6"
"Active","7"
"Total","7"
"Active","8"
"Total","8"
"Active","9"
"Total","9"
"Active","10"
"Total","10"
"Active","11"
"Total","11"
"Active","12"
"Total","12"
"Active","13"
"Total","13"
"Active","14"
"Total","14"
"Active","15"
"Total","15"
"Active","16"
"Total","16"
"Active","17"
"Total","17"
"Active","18"
"Total","18"
"Active","18"
"Accepted","1"
"Total","19"
"Active","19"
"Accepted","1"
"Total","20"
"Active","20"
"Accepted","1"
"Total","21"
"Active","20"
"Accepted","1"
"Final","1"
"Total","22"
"Active","20"
"Accepted","1"
"Final","2"
"Total","23"
"Active","20"
"Accepted","1"
"Final","3"
"Total","24"
"Active","21"
"Accepted","1"
"Final","3"
"Total","25"
"Active","21"
"Accepted","1"
"Final","4"
"Total","26"
"Active","22"
"Accepted","1"
"Final","4"
"Total","27"
"Active","23"
"Accepted","1"
"Final","4"
"Total","28"
"Active","23"
"Accepted","1"
"Final","5"
"Total","29"
"Active","24"
"Accepted","1"
"Final","5"
"Total","30"
"Active","24"
"Accepted","1"
"Final","6"
"Total","31"
"Active","24"
"Accepted","1"
"Final","7"
"Total","32"
"Active","25"
"Accepted","1"
"Final","7"
"Total","33"
"Active","25"
"Accepted","1"
"Final","8"
"Total","34"
"Active","25"
"Accepted","1"
"Final","9"
"Total","35"
"Active","25"
"Accepted","1"
"Final","10"
"Total","36"
"Active","25"
"Accepted","1"
"Final","11"
"Total","37"
"Active","26"
"Accepted","1"
"Final","11"
"Total","38"
"Active","26"
"Accepted","1"
"Final","12"
"Total","39"
"Active","26"
"Accepted","1"
"Final","13"
"Total","40"
"Active","26"
"Accepted","1"
"Final","14"
"Total","41"
"Active","27"
"Accepted","1"
"Final","14"
"Total","42"
"Active","27"
"Accepted","1"
"Final","15"
"Total","43"
"Active","27"
"Accepted","1"
"Final","16"
"Total","44"
"Active","27"
"Accepted","1"
"Final","17"
"Total","45"
"Active","27"
"Accepted","1"
"Final","18"
"Total","46"
"Active","28"
"Accepted","1"
"Final","18"
"Total","47"
"Active","29"
"Accepted","1"
"Final","18"
"Total","48"
"Active","30"
"Accepted","1"
"Final","18"
"Total","49"
"Active","31"
"Accepted","1"
"Final","18"
"Total","50"
"Active","31"
"Accepted","1"
"Final","19"
"Total","51"
"Active","32"
"Accepted","1"
"Final","19"
"Total","52"
"Active","32"
"Accepted","1"
"Final","20"
"Total","53"
"Active","33"
"Accepted","1"
"Final","20"
"Total","54"
"Active","34"
"Accepted","1"
"Final","20"
"Total","55"
"Active","34"
"Accepted","1"
"Final","21"
"Total","56"
"Active","34"
"Accepted","1"
"Final","22"
"Total","57"
"Active","34"
"Accepted","1"
"Final","23"
"Total","58"
"Active","34"
"Accepted","2"
"Final","23"
"Total","59"
"Active","34"
"Accepted","2"
"Final","24"
"Total","60"
"Active","34"
"Accepted","2"
"Final","25"
"Total","61"
"Active","34"
"Accepted","2"
"Final","26"
"Total","62"
"Active","34"
"Accepted","2"
"Final","27"
"Total","63"
"Active","34"
"Accepted","2"
"Final","28"
"Total","64"
"Active","34"
"Accepted","2"
"Final","29"
"Total","65"
"Active","34"
"Accepted","2"
"Final","30"
"Total","66"
"Active","34"
"Accepted","2"
"Final","31"
"Total","67"
"Active","34"
"Accepted","2"
"Final","31"
"Provisional","1"
"Total","68"
"Active","34"
"Accepted","3"
"Final","31"
"Provisional","1"
"Total","69"
"Active","34"
"Accepted","4"
"Final","31"
"Provisional","1"
"Total","70"
"Active","34"
"Accepted","5"
"Final","31"
"Provisional","1"
"Total","71"
"Active","34"
"Accepted","6"
"Final","31"
"Provisional","1"
"Total","72"
"Active","34"
"Accepted","7"
"Final","31"
"Provisional","1"
"Total","73"
"Active","34"
"Accepted","8"
"Final","31"
"Provisional","1"
"Total","74"
"Active","34"
"Accepted","9"
"Final","31"
"Provisional","1"
"Total","75"
"Active","34"
"Accepted","10"
"Final","31"
"Provisional","1"
"Total","76"
"Active","34"
"Accepted","11"
"Final","31"
"Provisional","1"
"Total","77"
"Active","34"
"Accepted","12"
"Final","31"
"Provisional","1"
"Total","78"
"Active","34"
"Accepted","13"
"Final","31"
"Provisional","1"
"Total","79"
"Active","34"
"Accepted","14"
"Final","31"
"Provisional","1"
"Total","80"
"Active","34"
"Accepted","15"
"Final","31"
"Provisional","1"
"Total","81"
"Active","34"
"Accepted","16"
"Final","31"
"Provisional","1"
"Total","82"
"Active","34"
"Accepted","17"
"Final","31"
"Provisional","1"
"Total","83"
"Active","34"
"Accepted","18"
"Final","31"
"Provisional","1"
"Total","84"
"Active","34"
"Accepted","19"
"Final","31"
"Provisional","1"
"Total","85"
"Active","34"
"Accepted","20"
"Final","31"
"Provisional","1"
"Total","86"
"Active","34"
"Accepted","21"
"Final","31"
"Provisional","1"
"Total","87"
"Active","34"
"Accepted","22"
"Final","31"
"Provisional","1"
"Total","88"
"Active","34"
"Accepted","22"
"Final","31"
"Provisional","1"
"Draft","1"
"Total","89"
"Active","34"
"Accepted","22"
"Final","31"
"Provisional","1"
"Draft","2"
"Total","90"
"Active","34"
"Accepted","22"
"Final","31"
"Provisional","1"
"Draft","3"
"Total","91"
"Active","34"
"Accepted","22"
"Final","31"
"Provisional","1"
"Draft","4"
"Total","92"
"Active","34"
"Accepted","22"
"Final","31"
"Provisional","1"
"Draft","5"
"Total","93"
"Active","34"
"Accepted","22"
"Final","31"
"Provisional","1"
"Draft","6"
"Total","94"
"Active","34"
"Accepted","22"
"Final","31"
"Provisional","1"
"Draft","7"
"Total","95"
"Active","34"
"Accepted","22"
"Final","31"
"Provisional","1"
"Draft","8"
"Total","96"
"Active","34"
"Accepted","22"
"Final","31"
"Provisional","1"
"Draft","9"
"Total","97"
"Active","34"
"Accepted","22"
"Final","31"
"Provisional","1"
"Draft","10"
"Total","98"
"Active","34"
"Accepted","22"
"Final","31"
"Provisional","1"
"Draft","11"
"Total","99"
"Active","34"
"Accepted","22"
"Final","31"
"Provisional","1"
"Draft","12"
"Total","100"
"Active","34"
"Accepted","22"
"Final","31"
"Provisional","1"
"Draft","13"
"Total","101"
"Active","34"
"Accepted","22"
"Final","31"
"Provisional","1"
"Draft","14"
"Total","102"
"Active","34"
"Accepted","22"
"Final","31"
"Provisional","1"
"Draft","15"
"Total","103"
"Active","34"
"Accepted","22"
"Final","31"
"Provisional","1"
"Draft","16"
"Total","104"
"Active","34"
"Accepted","22"
"Final","31"
"Provisional","1"
"Draft","17"
"Total","105"
"Active","34"
"Accepted","22"
"Final","31"
"Provisional","1"
"Draft","18"
"Total","106"
"Active","34"
"Accepted","22"
"Final","31"
"Provisional","1"
"Draft","19"
"Total","107"
"Active","34"
"Accepted","22"
"Final","31"
"Provisional","1"
"Draft","20"
"Total","108"
"Active","34"
"Accepted","22"
"Final","31"
"Provisional","1"
"Draft","21"
"Total","109"
"Active","34"
"Accepted","22"
"Final","31"
"Provisional","1"
"Draft","22"
"Total","110"
"Active","34"
"Accepted","22"
"Final","31"
"Provisional","1"
"Draft","23"
"Total","111"
"Active","34"
"Accepted","22"
"Final","31"
"Provisional","1"
"Draft","24"
"Total","112"
"Active","34"
"Accepted","22"
"Final","31"
"Provisional","1"
"Draft","25"
"Total","113"
"Active","34"
"Accepted","22"
"Final","31"
"Provisional","1"
"Draft","26"
"Total","114"
"Active","34"
"Accepted","22"
"Final","31"
"Provisional","1"
"Draft","27"
"Total","115"
"Active","34"
"Accepted","22"
"Final","31"
"Provisional","1"
"Draft","28"
"Total","116"
"Active","34"
"Accepted","22"
"Final","31"
"Provisional","1"
"Draft","29"
"Total","117"
"Active","34"
"Accepted","22"
"Final","31"
"Provisional","1"
"Draft","30"
"Total","118"
"Active","34"
"Accepted","22"
"Final","31"
"Provisional","1"
"Draft","31"
"Total","119"
"Active","34"
"Accepted","22"
"Final","31"
"Provisional","1"
"Draft","32"
"Total","120"
"Active","34"
"Accepted","22"
"Final","31"
"Provisional","1"
"Draft","33"
"Total","121"
"Active","34"
"Accepted","22"
"Final","31"
"Provisional","1"
"Draft","34"
"Total","122"
"Active","34"
"Accepted","22"
"Final","31"
"Provisional","1"
"Draft","35"
"Total","123"
"Active","34"
"Accepted","22"
"Final","31"
"Provisional","1"
"Draft","36"
"Total","124"
"Active","34"
"Accepted","22"
"Final","31"
"Provisional","1"
"Draft","37"
"Total","125"
"Active","34"
"Accepted","22"
"Final","31"
"Provisional","1"
"Draft","38"
"Total","126"
"Active","34"
"Accepted","22"
"Final","31"
"Provisional","1"
"Draft","39"
"Total","127"
"Active","34"
"Accepted","22"
"Final","31"
"Provisional","1"
"Draft","40"
"Total","128"
"Active","34"
"Accepted","22"
"Final","31"
"Provisional","1"
"Draft","41"
"Total","129"
"Active","34"
"Accepted","22"
"Final","31"
"Provisional","1"
"Draft","42"
"Total","130"
"Active","34"
"Accepted","22"
"Final","31"
"Provisional","1"
"Draft","43"
"Total","131"
"Active","34"
"Accepted","22"
"Final","31"
"Provisional","1"
"Draft","44"
"Total","132"
"Active","34"
"Accepted","22"
"Final","31"
"Provisional","1"
"Draft","45"
"Total","133"
"Active","34"
"Accepted","22"
"Final","31"
"Provisional","1"
"Draft","46"
"Total","134"
"Active","34"
"Accepted","22"
"Final","32"
"Provisional","1"
"Draft","46"
"Total","135"
"Active","34"
"Accepted","22"
"Final","33"
"Provisional","1"
"Draft","46"
"Total","136"
"Active","34"
"Accepted","22"
"Final","34"
"Provisional","1"
"Draft","46"
"Total","137"
"Active","34"
"Accepted","22"
"Final","35"
"Provisional","1"
"Draft","46"
"Total","138"
"Active","34"
"Accepted","22"
"Final","36"
"Provisional","1"
"Draft","46"
"Total","139"
"Active","34"
"Accepted","22"
"Final","37"
"Provisional","1"
"Draft","46"
"Total","140"
"Active","34"
"Accepted","22"
"Final","38"
"Provisional","1"
"Draft","46"
"Total","141"
"Active","34"
"Accepted","22"
"Final","39"
"Provisional","1"
"Draft","46"
"Total","142"
"Active","34"
"Accepted","22"
"Final","40"
"Provisional","1"
"Draft","46"
"Total","143"
"Active","34"
"Accepted","22"
"Final","41"
"Provisional","1"
"Draft","46"
"Total","144"
"Active","34"
"Accepted","22"
"Final","42"
"Provisional","1"
"Draft","46"
"Total","145"
"Active","34"
"Accepted","22"
"Final","43"
"Provisional","1"
"Draft","46"
"Total","146"
"Active","34"
"Accepted","22"
"Final","44"
"Provisional","1"
"Draft","46"
"Total","147"
"Active","34"
"Accepted","22"
"Final","45"
"Provisional","1"
"Draft","46"
"Total","148"
"Active","34"
"Accepted","22"
"Final","46"
"Provisional","1"
"Draft","46"
"Total","149"
"Active","34"
"Accepted","22"
"Final","47"
"Provisional","1"
"Draft","46"
"Total","150"
"Active","34"
"Accepted","22"
"Final","48"
"Provisional","1"
"Draft","46"
"Total","151"
"Active","34"
"Accepted","22"
"Final","49"
"Provisional","1"
"Draft","46"
"Total","152"
"Active","34"
"Accepted","22"
"Final","50"
"Provisional","1"
"Draft","46"
"Total","153"
"Active","34"
"Accepted","22"
"Final","51"
"Provisional","1"
"Draft","46"
"Total","154"
"Active","34"
"Accepted","22"
"Final","52"
"Provisional","1"
"Draft","46"
"Total","155"
"Active","34"
"Accepted","22"
"Final","53"
"Provisional","1"
"Draft","46"
"Total","156"
"Active","34"
"Accepted","22"
"Final","54"
"Provisional","1"
"Draft","46"
"Total","157"
"Active","34"
"Accepted","22"
"Final","55"
"Provisional","1"
"Draft","46"
"Total","158"
"Active","34"
"Accepted","22"
"Final","56"
"Provisional","1"
"Draft","46"
"Total","159"
"Active","34"
"Accepted","22"
"Final","57"
"Provisional","1"
"Draft","46"
"Total","160"
"Active","34"
"Accepted","22"
"Final","58"
"Provisional","1"
"Draft","46"
"Total","161"
"Active","34"
"Accepted","22"
"Final","59"
"Provisional","1"
"Draft","46"
"Total","162"
"Active","34"
"Accepted","22"
"Final","60"
"Provisional","1"
"Draft","46"
"Total","163"
"Active","34"
"Accepted","22"
"Final","61"
"Provisional","1"
"Draft","46"
"Total","164"
"Active","34"
"Accepted","22"
"Final","62"
"Provisional","1"
"Draft","46"
"Total","165"
"Active","34"
"Accepted","22"
"Final","63"
"Provisional","1"
"Draft","46"
"Total","166"
"Active","34"
"Accepted","22"
"Final","64"
"Provisional","1"
"Draft","46"
"Total","167"
"Active","34"
"Accepted","22"
"Final","65"
"Provisional","1"
"Draft","46"
"Total","168"
"Active","34"
"Accepted","22"
"Final","66"
"Provisional","1"
"Draft","46"
"Total","169"
"Active","34"
"Accepted","22"
"Final","67"
"Provisional","1"
"Draft","46"
"Total","170"
"Active","34"
"Accepted","22"
"Final","68"
"Provisional","1"
"Draft","46"
"Total","171"
"Active","34"
"Accepted","22"
"Final","69"
"Provisional","1"
"Draft","46"
"Total","172"
"Active","34"
"Accepted","22"
"Final","70"
"Provisional","1"
"Draft","46"
"Total","173"
"Active","34"
"Accepted","22"
"Final","71"
"Provisional","1"
"Draft","46"
"Total","174"
"Active","34"
"Accepted","22"
"Final","72"
"Provisional","1"
"Draft","46"
"Total","175"
"Active","34"
"Accepted","22"
"Final","73"
"Provisional","1"
"Draft","46"
"Total","176"
"Active","34"
"Accepted","22"
"Final","74"
"Provisional","1"
"Draft","46"
"Total","177"
"Active","34"
"Accepted","22"
"Final","75"
"Provisional","1"
"Draft","46"
"Total","178"
"Active","34"
"Accepted","22"
"Final","76"
"Provisional","1"
"Draft","46"
"Total","179"
"Active","34"
"Accepted","22"
"Final","77"
"Provisional","1"
"Draft","46"
"Total","180"
"Active","34"
"Accepted","22"
"Final","78"
"Provisional","1"
"Draft","46"
"Total","181"
"Active","34"
"Accepted","22"
"Final","79"
"Provisional","1"
"Draft","46"
"Total","182"
"Active","34"
"Accepted","22"
"Final","80"
"Provisional","1"
"Draft","46"
"Total","183"
"Active","34"
"Accepted","22"
"Final","81"
"Provisional","1"
"Draft","46"
"Total","184"
"Active","34"
"Accepted","22"
"Final","82"
"Provisional","1"
"Draft","46"
"Total","185"
"Active","34"
"Accepted","22"
"Final","83"
"Provisional","1"
"Draft","46"
"Total","186"
"Active","34"
"Accepted","22"
"Final","84"
"Provisional","1"
"Draft","46"
"Total","187"
"Active","34"
"Accepted","22"
"Final","85"
"Provisional","1"
"Draft","46"
"Total","188"
"Active","34"
"Accepted","22"
"Final","86"
"Provisional","1"
"Draft","46"
"Total","189"
"Active","34"
"Accepted","22"
"Final","87"
"Provisional","1"
"Draft","46"
"Total","190"
"Active","34"
"Accepted","22"
"Final","88"
"Provisional","1"
"Draft","46"
"Total","191"
"Active","34"
"Accepted","22"
"Final","89"
"Provisional","1"
"Draft","46"
"Total","192"
"Active","34"
"Accepted","22"
"Final","90"
"Provisional","1"
"Draft","46"
"Total","193"
"Active","34"
"Accepted","22"
"Final","91"
"Provisional","1"
"Draft","46"
"Total","194"
"Active","34"
"Accepted","22"
"Final","92"
"Provisional","1"
"Draft","46"
"Total","195"
"Active","34"
"Accepted","22"
"Final","93"
"Provisional","1"
"Draft","46"
"Total","196"
"Active","34"
"Accepted","22"
"Final","94"
"Provisional","1"
"Draft","46"
"Total","197"
"Active","34"
"Accepted","22"
"Final","95"
"Provisional","1"
"Draft","46"
"Total","198"
"Active","34"
"Accepted","22"
"Final","96"
"Provisional","1"
"Draft","46"
"Total","199"
"Active","34"
"Accepted","22"
"Final","97"
"Provisional","1"
"Draft","46"
"Total","200"
"Active","34"
"Accepted","22"
"Final","98"
"Provisional","1"
"Draft","46"
"Total","201"
"Active","34"
"Accepted","22"
"Final","99"
"Provisional","1"
"Draft","46"
"Total","202"
"Active","34"
"Accepted","22"
"Final","100"
"Provisional","1"
"Draft","46"
"Total","203"
"Active","34"
"Accepted","22"
"Final","101"
"Provisional","1"
"Draft","46"
"Total","204"
"Active","34"
"Accepted","22"
"Final","102"
"Provisional","1"
"Draft","46"
"Total","205"
"Active","34"
"Accepted","22"
"Final","103"
"Provisional","1"
"Draft","46"
"Total","206"
"Active","34"
"Accepted","22"
"Final","104"
"Provisional","1"
"Draft","46"
"Total","207"
"Active","34"
"Accepted","22"
"Final","105"
"Provisional","1"
"Draft","46"
"Total","208"
"Active","34"
"Accepted","22"
"Final","106"
"Provisional","1"
"Draft","46"
"Total","209"
"Active","34"
"Accepted","22"
"Final","107"
"Provisional","1"
"Draft","46"
"Total","210"
"Active","34"
"Accepted","22"
"Final","108"
"Provisional","1"
"Draft","46"
"Total","211"
"Active","34"
"Accepted","22"
"Final","109"
"Provisional","1"
"Draft","46"
"Total","212"
"Active","34"
"Accepted","22"
"Final","110"
"Provisional","1"
"Draft","46"
"Total","213"
"Active","34"
"Accepted","22"
"Final","111"
"Provisional","1"
"Draft","46"
"Total","214"
"Active","34"
"Accepted","22"
"Final","112"
"Provisional","1"
"Draft","46"
"Total","215"
"Active","34"
"Accepted","22"
"Final","113"
"Provisional","1"
"Draft","46"
"Total","216"
"Active","34"
"Accepted","22"
"Final","114"
"Provisional","1"
"Draft","46"
"Total","217"
"Active","34"
"Accepted","22"
"Final","115"
"Provisional","1"
"Draft","46"
"Total","218"
"Active","34"
"Accepted","22"
"Final","116"
"Provisional","1"
"Draft","46"
"Total","219"
"Active","34"
"Accepted","22"
"Final","117"
"Provisional","1"
"Draft","46"
"Total","220"
"Active","34"
"Accepted","22"
"Final","118"
"Provisional","1"
"Draft","46"
"Total","221"
"Active","34"
"Accepted","22"
"Final","119"
"Provisional","1"
"Draft","46"
"Total","222"
"Active","34"
"Accepted","22"
"Final","120"
"Provisional","1"
"Draft","46"
"Total","223"
"Active","34"
"Accepted","22"
"Final","121"
"Provisional","1"
"Draft","46"
"Total","224"
"Active","34"
"Accepted","22"
"Final","122"
"Provisional","1"
"Draft","46"
"Total","225"
"Active","34"
"Accepted","22"
"Final","123"
"Provisional","1"
"Draft","46"
"Total","226"
"Active","34"
"Accepted","22"
"Final","124"
"Provisional","1"
"Draft","46"
"Total","227"
"Active","34"
"Accepted","22"
"Final","125"
"Provisional","1"
"Draft","46"
"Total","228"
"Active","34"
"Accepted","22"
"Final","126"
"Provisional","1"
"Draft","46"
"Total","229"
"Active","34"
"Accepted","22"
"Final","127"
"Provisional","1"
"Draft","46"
"Total","230"
"Active","34"
"Accepted","22"
"Final","128"
"Provisional","1"
"Draft","46"
"Total","231"
"Active","34"
"Accepted","22"
"Final","129"
"Provisional","1"
"Draft","46"
"Total","232"
"Active","34"
"Accepted","22"
"Final","130"
"Provisional","1"
"Draft","46"
"Total","233"
"Active","34"
"Accepted","22"
"Final","131"
"Provisional","1"
"Draft","46"
"Total","234"
"Active","34"
"Accepted","22"
"Final","132"
"Provisional","1"
"Draft","46"
"Total","235"
"Active","34"
"Accepted","22"
"Final","133"
"Provisional","1"
"Draft","46"
"Total","236"
"Active","34"
"Accepted","22"
"Final","134"
"Provisional","1"
"Draft","46"
"Total","237"
"Active","34"
"Accepted","22"
"Final","135"
"Provisional","1"
"Draft","46"
"Total","238"
"Active","34"
"Accepted","22"
"Final","136"
"Provisional","1"
"Draft","46"
"Total","239"
"Active","34"
"Accepted","22"
"Final","137"
"Provisional","1"
"Draft","46"
"Total","240"
"Active","34"
"Accepted","22"
"Final","138"
"Provisional","1"
"Draft","46"
"Total","241"
"Active","34"
"Accepted","22"
"Final","139"
"Provisional","1"
"Draft","46"
"Total","242"
"Active","34"
"Accepted","22"
"Final","140"
"Provisional","1"
"Draft","46"
"Total","243"
"Active","34"
"Accepted","22"
"Final","141"
"Provisional","1"
"Draft","46"
"Total","244"
"Active","34"
"Accepted","22"
"Final","142"
"Provisional","1"
"Draft","46"
"Total","245"
"Active","34"
"Accepted","22"
"Final","143"
"Provisional","1"
"Draft","46"
"Total","246"
"Active","34"
"Accepted","22"
"Final","144"
"Provisional","1"
"Draft","46"
"Total","247"
"Active","34"
"Accepted","22"
"Final","145"
"Provisional","1"
"Draft","46"
"Total","248"
"Active","34"
"Accepted","22"
"Final","146"
"Provisional","1"
"Draft","46"
"Total","249"
"Active","34"
"Accepted","22"
"Final","147"
"Provisional","1"
"Draft","46"
"Total","250"
"Active","34"
"Accepted","22"
"Final","148"
"Provisional","1"
"Draft","46"
"Total","251"
"Active","34"
"Accepted","22"
"Final","149"
"Provisional","1"
"Draft","46"
"Total","252"
"Active","34"
"Accepted","22"
"Final","150"
"Provisional","1"
"Draft","46"
"Total","253"
"Active","34"
"Accepted","22"
"Final","151"
"Provisional","1"
"Draft","46"
"Total","254"
"Active","34"
"Accepted","22"
"Final","152"
"Provisional","1"
"Draft","46"
"Total","255"
"Active","34"
"Accepted","22"
"Final","153"
"Provisional","1"
"Draft","46"
"Total","256"
"Active","34"
"Accepted","22"
"Final","154"
"Provisional","1"
"Draft","46"
"Total","257"
"Active","34"
"Accepted","22"
"Final","155"
"Provisional","1"
"Draft","46"
"Total","258"
"Active","34"
"Accepted","22"
"Final","156"
"Provisional","1"
"Draft","46"
"Total","259"
"Active","34"
"Accepted","22"
"Final","157"
"Provisional","1"
"Draft","46"
"Total","260"
"Active","34"
"Accepted","22"
"Final","158"
"Provisional","1"
"Draft","46"
"Total","261"
"Active","34"
"Accepted","22"
"Final","159"
"Provisional","1"
"Draft","46"
"Total","262"
"Active","34"
"Accepted","22"
"Final","160"
"Provisional","1"
"Draft","46"
"Total","263"
"Active","34"
"Accepted","22"
"Final","161"
"Provisional","1"
"Draft","46"
"Total","264"
"Active","34"
"Accepted","22"
"Final","162"
"Provisional","1"
"Draft","46"
"Total","265"
"Active","34"
"Accepted","22"
"Final","163"
"Provisional","1"
"Draft","46"
"Total","266"
"Active","34"
"Accepted","22"
"Final","164"
"Provisional","1"
"Draft","46"
"Total","267"
"Active","34"
"Accepted","22"
"Final","165"
"Provisional","1"
"Draft","46"
"Total","268"
"Active","34"
"Accepted","22"
"Final","166"
"Provisional","1"
"Draft","46"
"Total","269"
"Active","34"
"Accepted","22"
"Final","167"
"Provisional","1"
"Draft","46"
"Total","270"
"Active","34"
"Accepted","22"
"Final","168"
"Provisional","1"
"Draft","46"
"Total","271"
"Active","34"
"Accepted","22"
"Final","169"
"Provisional","1"
"Draft","46"
"Total","272"
"Active","34"
"Accepted","22"
"Final","170"
"Provisional","1"
"Draft","46"
"Total","273"
"Active","34"
"Accepted","22"
"Final","171"
"Provisional","1"
"Draft","46"
"Total","274"
"Active","34"
"Accepted","22"
"Final","172"
"Provisional","1"
"Draft","46"
"Total","275"
"Active","34"
"Accepted","22"
"Final","173"
"Provisional","1"
"Draft","46"
"Total","276"
"Active","34"
"Accepted","22"
"Final","174"
"Provisional","1"
"Draft","46"
"Total","277"
"Active","34"
"Accepted","22"
"Final","175"
"Provisional","1"
"Draft","46"
"Total","278"
"Active","34"
"Accepted","22"
"Final","176"
"Provisional","1"
"Draft","46"
"Total","279"
"Active","34"
"Accepted","22"
"Final","177"
"Provisional","1"
"Draft","46"
"Total","280"
"Active","34"
"Accepted","22"
"Final","178"
"Provisional","1"
"Draft","46"
"Total","281"
"Active","34"
"Accepted","22"
"Final","179"
"Provisional","1"
"Draft","46"
"Total","282"
"Active","34"
"Accepted","22"
"Final","180"
"Provisional","1"
"Draft","46"
"Total","283"
"Active","34"
"Accepted","22"
"Final","181"
"Provisional","1"
"Draft","46"
"Total","284"
"Active","34"
"Accepted","22"
"Final","182"
"Provisional","1"
"Draft","46"
"Total","285"
"Active","34"
"Accepted","22"
"Final","183"
"Provisional","1"
"Draft","46"
"Total","286"
"Active","34"
"Accepted","22"
"Final","184"
"Provisional","1"
"Draft","46"
"Total","287"
"Active","34"
"Accepted","22"
"Final","185"
"Provisional","1"
"Draft","46"
"Total","288"
"Active","34"
"Accepted","22"
"Final","186"
"Provisional","1"
"Draft","46"
"Total","289"
"Active","34"
"Accepted","22"
"Final","187"
"Provisional","1"
"Draft","46"
"Total","290"
"Active","34"
"Accepted","22"
"Final","188"
"Provisional","1"
"Draft","46"
"Total","291"
"Active","34"
"Accepted","22"
"Final","189"
"Provisional","1"
"Draft","46"
"Total","292"
"Active","34"
"Accepted","22"
"Final","190"
"Provisional","1"
"Draft","46"
"Total","293"
"Active","34"
"Accepted","22"
"Final","191"
"Provisional","1"
"Draft","46"
"Total","294"
"Active","34"
"Accepted","22"
"Final","192"
"Provisional","1"
"Draft","46"
"Total","295"
"Active","34"
"Accepted","22"
"Final","193"
"Provisional","1"
"Draft","46"
"Total","296"
"Active","34"
"Accepted","22"
"Final","194"
"Provisional","1"
"Draft","46"
"Total","297"
"Active","34"
"Accepted","22"
"Final","195"
"Provisional","1"
"Draft","46"
"Total","298"
"Active","34"
"Accepted","22"
"Final","196"
"Provisional","1"
"Draft","46"
"Total","299"
"Active","34"
"Accepted","22"
"Final","197"
"Provisional","1"
"Draft","46"
"Total","300"
"Active","34"
"Accepted","22"
"Final","198"
"Provisional","1"
"Draft","46"
"Total","301"
"Active","34"
"Accepted","22"
"Final","199"
"Provisional","1"
"Draft","46"
"Total","302"
"Active","34"
"Accepted","22"
"Final","200"
"Provisional","1"
"Draft","46"
"Total","303"
"Active","34"
"Accepted","22"
"Final","201"
"Provisional","1"
"Draft","46"
"Total","304"
"Active","34"
"Accepted","22"
"Final","202"
"Provisional","1"
"Draft","46"
"Total","305"
"Active","34"
"Accepted","22"
"Final","203"
"Provisional","1"
"Draft","46"
"Total","306"
"Active","34"
"Accepted","22"
"Final","204"
"Provisional","1"
"Draft","46"
"Total","307"
"Active","34"
"Accepted","22"
"Final","205"
"Provisional","1"
"Draft","46"
"Total","308"
"Active","34"
"Accepted","22"
"Final","206"
"Provisional","1"
"Draft","46"
"Total","309"
"Active","34"
"Accepted","22"
"Final","207"
"Provisional","1"
"Draft","46"
"Total","310"
"Active","34"
"Accepted","22"
"Final","208"
"Provisional","1"
"Draft","46"
"Total","311"
"Active","34"
"Accepted","22"
"Final","209"
"Provisional","1"
"Draft","46"
"Total","312"
"Active","34"
"Accepted","22"
"Final","210"
"Provisional","1"
"Draft","46"
"Total","313"
"Active","34"
"Accepted","22"
"Final","211"
"Provisional","1"
"Draft","46"
"Total","314"
"Active","34"
"Accepted","22"
"Final","212"
"Provisional","1"
"Draft","46"
"Total","315"
"Active","34"
"Accepted","22"
"Final","213"
"Provisional","1"
"Draft","46"
"Total","316"
"Active","34"
"Accepted","22"
"Final","214"
"Provisional","1"
"Draft","46"
"Total","317"
"Active","34"
"Accepted","22"
"Final","215"
"Provisional","1"
"Draft","46"
"Total","318"
"Active","34"
"Accepted","22"
"Final","216"
"Provisional","1"
"Draft","46"
"Total","319"
"Active","34"
"Accepted","22"
"Final","217"
"Provisional","1"
"Draft","46"
"Total","320"
"Active","34"
"Accepted","22"
"Final","218"
"Provisional","1"
"Draft","46"
"Total","321"
"Active","34"
"Accepted","22"
"Final","219"
"Provisional","1"
"Draft","46"
"Total","322"
"Active","34"
"Accepted","22"
"Final","220"
"Provisional","1"
"Draft","46"
"Total","323"
"Active","34"
"Accepted","22"
"Final","221"
"Provisional","1"
"Draft","46"
"Total","324"
"Active","34"
"Accepted","22"
"Final","222"
"Provisional","1"
"Draft","46"
"Total","325"
"Active","34"
"Accepted","22"
"Final","223"
"Provisional","1"
"Draft","46"
"Total","326"
"Active","34"
"Accepted","22"
"Final","224"
"Provisional","1"
"Draft","46"
"Total","327"
"Active","34"
"Accepted","22"
"Final","225"
"Provisional","1"
"Draft","46"
"Total","328"
"Active","34"
"Accepted","22"
"Final","226"
"Provisional","1"
"Draft","46"
"Total","329"
"Active","34"
"Accepted","22"
"Final","227"
"Provisional","1"
"Draft","46"
"Total","330"
"Active","34"
"Accepted","22"
"Final","228"
"Provisional","1"
"Draft","46"
"Total","331"
"Active","34"
"Accepted","22"
"Final","229"
"Provisional","1"
"Draft","46"
"Total","332"
"Active","34"
"Accepted","22"
"Final","230"
"Provisional","1"
"Draft","46"
"Total","333"
"Active","34"
"Accepted","22"
"Final","231"
"Provisional","1"
"Draft","46"
"Total","334"
"Active","34"
"Accepted","22"
"Final","232"
"Provisional","1"
"Draft","46"
"Total","335"
"Active","34"
"Accepted","22"
"Final","233"
"Provisional","1"
"Draft","46"
"Total","336"
"Active","34"
"Accepted","22"
"Final","234"
"Provisional","1"
"Draft","46"
"Total","337"
"Active","34"
"Accepted","22"
"Final","235"
"Provisional","1"
"Draft","46"
"Total","338"
"Active","34"
"Accepted","22"
"Final","236"
"Provisional","1"
"Draft","46"
"Total","339"
"Active","34"
"Accepted","22"
"Final","237"
"Provisional","1"
"Draft","46"
"Total","340"
"Active","34"
"Accepted","22"
"Final","238"
"Provisional","1"
"Draft","46"
"Total","341"
"Active","34"
"Accepted","22"
"Final","239"
"Provisional","1"
"Draft","46"
"Total","342"
"Active","34"
"Accepted","22"
"Final","240"
"Provisional","1"
"Draft","46"
"Total","343"
"Active","34"
"Accepted","22"
"Final","241"
"Provisional","1"
"Draft","46"
"Total","344"
"Active","34"
"Accepted","22"
"Final","242"
"Provisional","1"
"Draft","46"
"Total","345"
"Active","34"
"Accepted","22"
"Final","243"
"Provisional","1"
"Draft","46"
"Total","346"
"Active","34"
"Accepted","22"
"Final","244"
"Provisional","1"
"Draft","46"
"Total","347"
"Active","34"
"Accepted","22"
"Final","245"
"Provisional","1"
"Draft","46"
"Total","348"
"Active","34"
"Accepted","22"
"Final","246"
"Provisional","1"
"Draft","46"
"Total","349"
"Active","34"
"Accepted","22"
"Final","247"
"Provisional","1"
"Draft","46"
"Total","350"
"Active","34"
"Accepted","22"
"Final","248"
"Provisional","1"
"Draft","46"
"Total","351"
"Active","34"
"Accepted","22"
"Final","249"
"Provisional","1"
"Draft","46"
"Total","352"
"Active","34"
"Accepted","22"
"Final","250"
"Provisional","1"
"Draft","46"
"Total","353"
"Active","34"
"Accepted","22"
"Final","251"
"Provisional","1"
"Draft","46"
"Total","354"
"Active","34"
"Accepted","22"
"Final","252"
"Provisional","1"
"Draft","46"
"Total","355"
"Active","34"
"Accepted","22"
"Final","253"
"Provisional","1"
"Draft","46"
"Total","356"
"Active","34"
"Accepted","22"
"Final","254"
"Provisional","1"
"Draft","46"
"Total","357"
"Active","34"
"Accepted","22"
"Final","255"
"Provisional","1"
"Draft","46"
"Total","358"
"Active","34"
"Accepted","22"
"Final","256"
"Provisional","1"
"Draft","46"
"Total","359"
"Active","34"
"Accepted","22"
"Final","257"
"Provisional","1"
"Draft","46"
"Total","360"
"Active","34"
"Accepted","22"
"Final","258"
"Provisional","1"
"Draft","46"
"Total","361"
"Active","34"
"Accepted","22"
"Final","259"
"Provisional","1"
"Draft","46"
"Total","362"
"Active","34"
"Accepted","22"
"Final","260"
"Provisional","1"
"Draft","46"
"Total","363"
"Active","34"
"Accepted","22"
"Final","261"
"Provisional","1"
"Draft","46"
"Total","364"
"Active","34"
"Accepted","22"
"Final","262"
"Provisional","1"
"Draft","46"
"Total","365"
"Active","34"
"Accepted","22"
"Final","263"
"Provisional","1"
"Draft","46"
"Total","366"
"Active","34"
"Accepted","22"
"Final","264"
"Provisional","1"
"Draft","46"
"Total","367"
"Active","34"
"Accepted","22"
"Final","265"
"Provisional","1"
"Draft","46"
"Total","368"
"Active","34"
"Accepted","22"
"Final","266"
"Provisional","1"
"Draft","46"
"Total","369"
"Active","34"
"Accepted","22"
"Final","267"
"Provisional","1"
"Draft","46"
"Total","370"
"Active","34"
"Accepted","22"
"Final","268"
"Provisional","1"
"Draft","46"
"Total","371"
"Active","34"
"Accepted","22"
"Final","269"
"Provisional","1"
"Draft","46"
"Total","372"
"Active","34"
"Accepted","22"
"Final","270"
"Provisional","1"
"Draft","46"
"Total","373"
"Active","34"
"Accepted","22"
"Final","271"
"Provisional","1"
"Draft","46"
"Total","374"
"Active","34"
"Accepted","22"
"Final","272"
"Provisional","1"
"Draft","46"
"Total","375"
"Active","34"
"Accepted","22"
"Final","273"
"Provisional","1"
"Draft","46"
"Total","376"
"Active","34"
"Accepted","22"
"Final","274"
"Provisional","1"
"Draft","46"
"Total","377"
"Active","34"
"Accepted","22"
"Final","275"
"Provisional","1"
"Draft","46"
"Total","378"
"Active","34"
"Accepted","22"
"Final","276"
"Provisional","1"
"Draft","46"
"Total","379"
"Active","34"
"Accepted","22"
"Final","277"
"Provisional","1"
"Draft","46"
"Total","380"
"Active","34"
"Accepted","22"
"Final","278"
"Provisional","1"
"Draft","46"
"Total","381"
"Active","34"
"Accepted","22"
"Final","279"
"Provisional","1"
"Draft","46"
"Total","382"
"Active","34"
"Accepted","22"
"Final","280"
"Provisional","1"
"Draft","46"
"Total","383"
"Active","34"
"Accepted","22"
"Final","281"
"Provisional","1"
"Draft","46"
"Total","384"
"Active","34"
"Accepted","22"
"Final","282"
"Provisional","1"
"Draft","46"
"Total","385"
"Active","34"
"Accepted","22"
"Final","283"
"Provisional","1"
"Draft","46"
"Total","386"
"Active","34"
"Accepted","22"
"Final","284"
"Provisional","1"
"Draft","46"
"Total","387"
"Active","34"
"Accepted","22"
"Final","285"
"Provisional","1"
"Draft","46"
"Total","388"
"Active","34"
"Accepted","22"
"Final","286"
"Provisional","1"
"Draft","46"
"Total","389"
"Active","34"
"Accepted","22"
"Final","287"
"Provisional","1"
"Draft","46"
"Total","390"
"Active","34"
"Accepted","22"
"Final","288"
"Provisional","1"
"Draft","46"
"Total","391"
"Active","34"
"Accepted","22"
"Final","289"
"Provisional","1"
"Draft","46"
"Total","392"
"Active","34"
"Accepted","22"
"Final","290"
"Provisional","1"
"Draft","46"
"Total","393"
"Active","34"
"Accepted","22"
"Final","291"
"Provisional","1"
"Draft","46"
"Total","394"
"Active","34"
"Accepted","22"
"Final","292"
"Provisional","1"
"Draft","46"
"Total","395"
"Active","34"
"Accepted","22"
"Final","293"
"Provisional","1"
"Draft","46"
"Total","396"
"Active","34"
"Accepted","22"
"Final","294"
"Provisional","1"
"Draft","46"
"Total","397"
"Active","34"
"Accepted","22"
"Final","295"
"Provisional","1"
"Draft","46"
"Total","398"
"Active","34"
"Accepted","22"
"Final","296"
"Provisional","1"
"Draft","46"
"Total","399"
"Active","34"
"Accepted","22"
"Final","297"
"Provisional","1"
"Draft","46"
"Total","400"
"Active","34"
"Accepted","22"
"Final","298"
"Provisional","1"
"Draft","46"
"Total","401"
"Active","34"
"Accepted","22"
"Final","299"
"Provisional","1"
"Draft","46"
"Total","402"
"Active","34"
"Accepted","22"
"Final","300"
"Provisional","1"
"Draft","46"
"Total","403"
"Active","34"
"Accepted","22"
"Final","301"
"Provisional","1"
"Draft","46"
"Total","404"
"Active","34"
"Accepted","22"
"Final","302"
"Provisional","1"
"Draft","46"
"Total","405"
"Active","34"
"Accepted","22"
"Final","303"
"Provisional","1"
"Draft","46"
"Total","406"
"Active","34"
"Accepted","22"
"Final","304"
"Provisional","1"
"Draft","46"
"Total","407"
"Active","34"
"Accepted","22"
"Final","305"
"Provisional","1"
"Draft","46"
"Total","408"
"Active","34"
"Accepted","22"
"Final","306"
"Provisional","1"
"Draft","46"
"Total","409"
"Active","34"
"Accepted","22"
"Final","307"
"Provisional","1"
"Draft","46"
"Total","410"
"Active","34"
"Accepted","22"
"Final","308"
"Provisional","1"
"Draft","46"
"Total","411"
"Active","34"
"Accepted","22"
"Final","309"
"Provisional","1"
"Draft","46"
"Total","412"
"Active","34"
"Accepted","22"
"Final","310"
"Provisional","1"
"Draft","46"
"Total","413"
"Active","34"
"Accepted","22"
"Final","311"
"Provisional","1"
"Draft","46"
"Total","414"
"Active","34"
"Accepted","22"
"Final","312"
"Provisional","1"
"Draft","46"
"Total","415"
"Active","34"
"Accepted","22"
"Final","313"
"Provisional","1"
"Draft","46"
"Total","416"
"Active","34"
"Accepted","22"
"Final","313"
"Provisional","1"
"Draft","46"
"Superseded","1"
"Total","417"
"Active","34"
"Accepted","22"
"Final","313"
"Provisional","1"
"Draft","46"
"Superseded","2"
"Total","418"
"Active","34"
"Accepted","22"
"Final","314"
"Provisional","1"
"Draft","46"
"Superseded","2"
"Total","419"
"Active","34"
"Accepted","22"
"Final","315"
"Provisional","1"
"Draft","46"
"Superseded","2"
"Total","420"
"Active","34"
"Accepted","22"
"Final","316"
"Provisional","1"
"Draft","46"
"Superseded","2"
"Total","421"
"Active","34"
"Accepted","22"
"Final","317"
"Provisional","1"
"Draft","46"
"Superseded","2"
"Total","422"
"Active","34"
"Accepted","22"
"Final","318"
"Provisional","1"
"Draft","46"
"Superseded","2"
"Total","423"
"Active","34"
"Accepted","22"
"Final","319"
"Provisional","1"
"Draft","46"
"Superseded","2"
"Total","424"
"Active","34"
"Accepted","22"
"Final","320"
"Provisional","1"
"Draft","46"
"Superseded","2"
"Total","425"
"Active","34"
"Accepted","22"
"Final","321"
"Provisional","1"
"Draft","46"
"Superseded","2"
"Total","426"
"Active","34"
"Accepted","22"
"Final","322"
"Provisional","1"
"Draft","46"
"Superseded","2"
"Total","427"
"Active","34"
"Accepted","22"
"Final","323"
"Provisional","1"
"Draft","46"
"Superseded","2"
"Total","428"
"Active","34"
"Accepted","22"
"Final","324"
"Provisional","1"
"Draft","46"
"Superseded","2"
"Total","429"
"Active","34"
"Accepted","22"
"Final","325"
"Provisional","1"
"Draft","46"
"Superseded","2"
"Total","430"
"Active","34"
"Accepted","22"
"Final","326"
"Provisional","1"
"Draft","46"
"Superseded","2"
"Total","431"
"Active","34"
"Accepted","22"
"Final","327"
"Provisional","1"
"Draft","46"
"Superseded","2"
"Total","432"
"Active","34"
"Accepted","22"
"Final","328"
"Provisional","1"
"Draft","46"
"Superseded","2"
"Total","433"
"Active","34"
"Accepted","22"
"Final","329"
"Provisional","1"
"Draft","46"
"Superseded","2"
"Total","434"
"Active","34"
"Accepted","22"
"Final","330"
"Provisional","1"
"Draft","46"
"Superseded","2"
"Total","435"
"Active","34"
"Accepted","22"
"Final","331"
"Provisional","1"
"Draft","46"
"Superseded","2"
"Total","436"
"Active","34"
"Accepted","22"
"Final","331"
"Provisional","1"
"Draft","46"
"Superseded","3"
"Total","437"
"Active","34"
"Accepted","22"
"Final","332"
"Provisional","1"
"Draft","46"
"Superseded","3"
"Total","438"
"Active","34"
"Accepted","22"
"Final","333"
"Provisional","1"
"Draft","46"
"Superseded","3"
"Total","439"
"Active","34"
"Accepted","22"
"Final","334"
"Provisional","1"
"Draft","46"
"Superseded","3"
"Total","440"
"Active","34"
"Accepted","22"
"Final","335"
"Provisional","1"
"Draft","46"
"Superseded","3"
"Total","441"
"Active","34"
"Accepted","22"
"Final","336"
"Provisional","1"
"Draft","46"
"Superseded","3"
"Total","442"
"Active","34"
"Accepted","22"
"Final","337"
"Provisional","1"
"Draft","46"
"Superseded","3"
"Total","443"
"Active","34"
"Accepted","22"
"Final","338"
"Provisional","1"
"Draft","46"
"Superseded","3"
"Total","444"
"Active","34"
"Accepted","22"
"Final","339"
"Provisional","1"
"Draft","46"
"Superseded","3"
"Total","445"
"Active","34"
"Accepted","22"
"Final","340"
"Provisional","1"
"Draft","46"
"Superseded","3"
"Total","446"
"Active","34"
"Accepted","22"
"Final","341"
"Provisional","1"
"Draft","46"
"Superseded","3"
"Total","447"
"Active","34"
"Accepted","22"
"Final","342"
"Provisional","1"
"Draft","46"
"Superseded","3"
"Total","448"
"Active","34"
"Accepted","22"
"Final","343"
"Provisional","1"
"Draft","46"
"Superseded","3"
"Total","449"
"Active","34"
"Accepted","22"
"Final","344"
"Provisional","1"
"Draft","46"
"Superseded","3"
"Total","450"
"Active","34"
"Accepted","22"
"Final","345"
"Provisional","1"
"Draft","46"
"Superseded","3"
"Total","451"
"Active","34"
"Accepted","22"
"Final","346"
"Provisional","1"
"Draft","46"
"Superseded","3"
"Total","452"
"Active","34"
"Accepted","22"
"Final","347"
"Provisional","1"
"Draft","46"
"Superseded","3"
"Total","453"
"Active","34"
"Accepted","22"
"Final","348"
"Provisional","1"
"Draft","46"
"Superseded","3"
"Total","454"
"Active","34"
"Accepted","22"
"Final","348"
"Provisional","1"
"Draft","46"
"Superseded","3"
"Deferred","1"
"Total","455"
"Active","34"
"Accepted","22"
"Final","348"
"Provisional","1"
"Draft","46"
"Superseded","3"
"Deferred","2"
"Total","456"
"Active","34"
"Accepted","22"
"Final","348"
"Provisional","1"
"Draft","46"
"Superseded","3"
"Deferred","3"
"Total","457"
"Active","34"
"Accepted","22"
"Final","348"
"Provisional","1"
"Draft","46"
"Superseded","3"
"Deferred","4"
"Total","458"
"Active","34"
"Accepted","22"
"Final","348"
"Provisional","1"
"Draft","46"
"Superseded","3"
"Deferred","5"
"Total","459"
"Active","34"
"Accepted","22"
"Final","348"
"Provisional","1"
"Draft","46"
"Superseded","3"
"Deferred","6"
"Total","460"
"Active","34"
"Accepted","22"
"Final","348"
"Provisional","1"
"Draft","46"
"Superseded","3"
"Deferred","7"
"Total","461"
"Active","34"
"Accepted","22"
"Final","348"
"Provisional","1"
"Draft","46"
"Superseded","3"
"Deferred","8"
"Total","462"
"Active","34"
"Accepted","22"
"Final","348"
"Provisional","1"
"Draft","46"
"Superseded","3"
"Deferred","9"
"Total","463"
"Active","34"
"Accepted","22"
"Final","348"
"Provisional","1"
"Draft","46"
"Superseded","3"
"Deferred","10"
"Total","464"
"Active","34"
"Accepted","22"
"Final","348"
"Provisional","1"
"Draft","46"
"Superseded","3"
"Deferred","11"
"Total","465"
"Active","34"
"Accepted","22"
"Final","348"
"Provisional","1"
"Draft","46"
"Superseded","3"
"Deferred","12"
"Total","466"
"Active","34"
"Accepted","22"
"Final","348"
"Provisional","1"
"Draft","46"
"Superseded","3"
"Deferred","13"
"Total","467"
"Active","34"
"Accepted","22"
"Final","348"
"Provisional","1"
"Draft","46"
"Superseded","3"
"Deferred","14"
"Total","468"
"Active","34"
"Accepted","22"
"Final","348"
"Provisional","1"
"Draft","46"
"Superseded","3"
"Deferred","15"
"Total","469"
"Active","34"
"Accepted","22"
"Final","348"
"Provisional","1"
"Draft","46"
"Superseded","3"
"Deferred","16"
"Total","470"
"Active","34"
"Accepted","22"
"Final","348"
"Provisional","1"
"Draft","46"
"Superseded","3"
"Deferred","17"
"Total","471"
"Active","34"
"Accepted","22"
"Final","348"
"Provisional","1"
"Draft","46"
"Superseded","3"
"Deferred","18"
"Total","472"
"Active","34"
"Accepted","22"
"Final","348"
"Provisional","1"
"Draft","46"
"Superseded","3"
"Deferred","19"
"Total","473"
"Active","34"
"Accepted","22"
"Final","348"
"Provisional","1"
"Draft","46"
"Superseded","3"
"Deferred","20"
"Total","474"
"Active","34"
"Accepted","22"
"Final","348"
"Provisional","1"
"Draft","46"
"Superseded","3"
"Deferred","21"
"Total","475"
"Active","34"
"Accepted","22"
"Final","348"
"Provisional","1"
"Draft","46"
"Superseded","3"
"Deferred","22"
"Total","476"
"Active","34"
"Accepted","22"
"Final","348"
"Provisional","1"
"Draft","46"
"Superseded","3"
"Deferred","23"
"Total","477"
"Active","34"
"Accepted","22"
"Final","348"
"Provisional","1"
"Draft","46"
"Superseded","3"
"Deferred","24"
"Total","478"
"Active","34"
"Accepted","22"
"Final","348"
"Provisional","1"
"Draft","46"
"Superseded","3"
"Deferred","25"
"Total","479"
"Active","34"
"Accepted","22"
"Final","348"
"Provisional","1"
"Draft","46"
"Superseded","3"
"Deferred","26"
"Total","480"
"Active","34"
"Accepted","22"
"Final","348"
"Provisional","1"
"Draft","46"
"Superseded","3"
"Deferred","27"
"Total","481"
"Active","34"
"Accepted","22"
"Final","348"
"Provisional","1"
"Draft","46"
"Superseded","3"
"Deferred","28"
"Total","482"
"Active","34"
"Accepted","22"
"Final","348"
"Provisional","1"
"Draft","46"
"Superseded","3"
"Deferred","29"
"Total","483"
"Active","34"
"Accepted","22"
"Final","348"
"Provisional","1"
"Draft","46"
"Superseded","3"
"Deferred","30"
"Total","484"
"Active","34"
"Accepted","22"
"Final","348"
"Provisional","1"
"Draft","46"
"Superseded","3"
"Deferred","31"
"Total","485"
"Active","34"
"Accepted","22"
"Final","348"
"Provisional","1"
"Draft","46"
"Superseded","3"
"Deferred","32"
"Total","486"
"Active","34"
"Accepted","22"
"Final","348"
"Provisional","1"
"Draft","46"
"Superseded","3"
"Deferred","33"
"Total","487"
"Active","34"
"Accepted","22"
"Final","348"
"Provisional","1"
"Draft","46"
"Superseded","3"
"Deferred","34"
"Total","488"
"Active","34"
"Accepted","22"
"Final","348"
"Provisional","1"
"Draft","46"
"Superseded","3"
"Deferred","35"
"Total","489"
"Active","34"
"Accepted","22"
"Final","348"
"Provisional","1"
"Draft","46"
"Superseded","3"
"Deferred","36"
"Total","490"
"Active","34"
"Accepted","22"
"Final","348"
"Provisional","1"
"Draft","46"
"Superseded","3"
"Deferred","37"
"Total","491"
"Active","34"
"Accepted","22"
"Final","348"
"Provisional","1"
"Draft","46"
"Superseded","3"
"Deferred","38"
"Total","492"
"Active","34"
"Accepted","22"
"Final","348"
"Provisional","1"
"Draft","46"
"Superseded","3"
"Deferred","38"
"Withdrawn","1"
"Total","493"
"Active","34"
"Accepted","22"
"Final","348"
"Provisional","1"
"Draft","46"
"Superseded","3"
"Deferred","38"
"Withdrawn","2"
"Total","494"
"Active","34"
"Accepted","22"
"Final","348"
"Provisional","1"
"Draft","46"
"Superseded","3"
"Deferred","38"
"Withdrawn","3"
"Total","495"
"Active","34"
"Accepted","22"
"Final","348"
"Provisional","1"
"Draft","46"
"Superseded","4"
"Deferred","38"
"Withdrawn","3"
"Total","496"
"Active","34"
"Accepted","22"
"Final","348"
"Provisional","1"
"Draft","46"
"Superseded","4"
"Deferred","38"
"Withdrawn","4"
"Total","497"
"Active","34"
"Accepted","22"
"Final","348"
"Provisional","1"
"Draft","46"
"Superseded","4"
"Deferred","38"
"Withdrawn","4"
"Rejected","1"
"Total","498"
"Active","34"
"Accepted","22"
"Final","348"
"Provisional","1"
"Draft","46"
"Superseded","4"
"Deferred","38"
"Withdrawn","5"
"Rejected","1"
"Total","499"
"Active","34"
"Accepted","22"
"Final","348"
"Provisional","1"
"Draft","46"
"Superseded","4"
"Deferred","38"
"Withdrawn","6"
"Rejected","1"
"Total","500"
"Active","34"
"Accepted","22"
"Final","348"
"Provisional","1"
"Draft","46"
"Superseded","4"
"Deferred","38"
"Withdrawn","6"
"Rejected","2"
"Total","501"
"Active","34"
"Accepted","22"
"Final","348"
"Provisional","1"
"Draft","46"
"Superseded","4"
"Deferred","38"
"Withdrawn","6"
"Rejected","3"
"Total","502"
"Active","34"
"Accepted","22"
"Final","348"
"Provisional","1"
"Draft","46"
"Superseded","4"
"Deferred","38"
"Withdrawn","6"
"Rejected","4"
"Total","503"
"Active","34"
"Accepted","22"
"Final","348"
"Provisional","1"
"Draft","46"
"Superseded","5"
"Deferred","38"
"Withdrawn","6"
"Rejected","4"
"Total","504"
"Active","34"
"Accepted","22"
"Final","348"
"Provisional","1"
"Draft","46"
"Superseded","5"
"Deferred","38"
"Withdrawn","7"
"Rejected","4"
"Total","505"
"Active","34"
"Accepted","22"
"Final","348"
"Provisional","1"
"Draft","46"
"Superseded","5"
"Deferred","38"
"Withdrawn","7"
"Rejected","5"
"Total","506"
"Active","34"
"Accepted","22"
"Final","348"
"Provisional","1"
"Draft","46"
"Superseded","5"
"Deferred","38"
"Withdrawn","7"
"Rejected","6"
"Total","507"
"Active","34"
"Accepted","22"
"Final","348"
"Provisional","1"
"Draft","46"
"Superseded","5"
"Deferred","38"
"Withdrawn","7"
"Rejected","7"
"Total","508"
"Active","34"
"Accepted","22"
"Final","348"
"Provisional","1"
"Draft","46"
"Superseded","5"
"Deferred","38"
"Withdrawn","8"
"Rejected","7"
"Total","509"
"Active","34"
"Accepted","22"
"Final","348"
"Provisional","1"
"Draft","46"
"Superseded","5"
"Deferred","38"
"Withdrawn","8"
"Rejected","8"
"Total","510"
"Active","34"
"Accepted","22"
"Final","348"
"Provisional","1"
"Draft","46"
"Superseded","5"
"Deferred","38"
"Withdrawn","8"
"Rejected","9"
"Total","511"
"Active","34"
"Accepted","22"
"Final","348"
"Provisional","1"
"Draft","46"
"Superseded","5"
"Deferred","38"
"Withdrawn","8"
"Rejected","10"
"Total","512"
"Active","34"
"Accepted","22"
"Final","348"
"Provisional","1"
"Draft","46"
"Superseded","6"
"Deferred","38"
"Withdrawn","8"
"Rejected","10"
"Total","513"
"Active","34"
"Accepted","22"
"Final","348"
"Provisional","1"
"Draft","46"
"Superseded","6"
"Deferred","38"
"Withdrawn","9"
"Rejected","10"
"Total","514"
"Active","34"
"Accepted","22"
"Final","348"
"Provisional","1"
"Draft","46"
"Superseded","6"
"Deferred","38"
"Withdrawn","10"
"Rejected","10"
"Total","515"
"Active","34"
"Accepted","22"
"Final","348"
"Provisional","1"
"Draft","46"
"Superseded","6"
"Deferred","38"
"Withdrawn","10"
"Rejected","11"
"Total","516"
"Active","34"
"Accepted","22"
"Final","348"
"Provisional","1"
"Draft","46"
"Superseded","6"
"Deferred","38"
"Withdrawn","10"
"Rejected","12"
"Total","517"
"Active","34"
"Accepted","22"
"Final","348"
"Provisional","1"
"Draft","46"
"Superseded","6"
"Deferred","38"
"Withdrawn","10"
"Rejected","13"
"Total","518"
"Active","34"
"Accepted","22"
"Final","348"
"Provisional","1"
"Draft","46"
"Superseded","6"
"Deferred","38"
"Withdrawn","10"
"Rejected","14"
"Total","519"
"Active","34"
"Accepted","22"
"Final","348"
"Provisional","1"
"Draft","46"
"Superseded","6"
"Deferred","38"
"Withdrawn","10"
"Rejected","15"
"Total","520"
"Active","34"
"Accepted","22"
"Final","348"
"Provisional","1"
"Draft","46"
"Superseded","6"
"Deferred","38"
"Withdrawn","10"
"Rejected","16"
"Total","521"
"Active","34"
"Accepted","22"
"Final","348"
"Provisional","1"
"Draft","46"
"Superseded","6"
"Deferred","38"
"Withdrawn","10"
"Rejected","17"
"Total","522"
"Active","34"
"Accepted","22"
"Final","348"
"Provisional","1"
"Draft","46"
"Superseded","6"
"Deferred","38"
"Withdrawn","10"
"Rejected","18"
"Total","523"
"Active","34"
"Accepted","22"
"Final","348"
"Provisional","1"
"Draft","46"
"Superseded","6"
"Deferred","38"
"Withdrawn","10"
"Rejected","19"
"Total","524"
"Active","34"
"Accepted","22"
"Final","348"
"Provisional","1"
"Draft","46"
"Superseded","6"
"Deferred","38"
"Withdrawn","11"
"Rejected","19"
"Total","525"
"Active","34"
"Accepted","22"
"Final","348"
"Provisional","1"
"Draft","46"
"Superseded","6"
"Deferred","38"
"Withdrawn","11"
"Rejected","20"
"Total","526"
"Active","34"
"Accepted","22"
"Final","348"
"Provisional","1"
"Draft","46"
"Superseded","6"
"Deferred","38"
"Withdrawn","11"
"Rejected","21"
"Total","527"
"Active","34"
"Accepted","22"
"Final","348"
"Provisional","1"
"Draft","46"
"Superseded","6"
"Deferred","38"
"Withdrawn","11"
"Rejected","22"
"Total","528"
"Active","34"
"Accepted","22"
"Final","348"
"Provisional","1"
"Draft","46"
"Superseded","6"
"Deferred","38"
"Withdrawn","11"
"Rejected","23"
"Total","529"
"Active","34"
"Accepted","22"
"Final","348"
"Provisional","1"
"Draft","46"
"Superseded","6"
"Deferred","38"
"Withdrawn","11"
"Rejected","24"
"Total","530"
"Active","34"
"Accepted","22"
"Final","348"
"Provisional","1"
"Draft","46"
"Superseded","6"
"Deferred","38"
"Withdrawn","11"
"Rejected","25"
"Total","531"
"Active","34"
"Accepted","22"
"Final","348"
"Provisional","1"
"Draft","46"
"Superseded","6"
"Deferred","38"
"Withdrawn","11"
"Rejected","26"
"Total","532"
"Active","34"
"Accepted","22"
"Final","348"
"Provisional","1"
"Draft","46"
"Superseded","6"
"Deferred","38"
"Withdrawn","12"
"Rejected","26"
"Total","533"
"Active","34"
"Accepted","22"
"Final","348"
"Provisional","1"
"Draft","46"
"Superseded","7"
"Deferred","38"
"Withdrawn","12"
"Rejected","26"
"Total","534"
"Active","34"
"Accepted","22"
"Final","348"
"Provisional","1"
"Draft","46"
"Superseded","7"
"Deferred","38"
"Withdrawn","12"
"Rejected","27"
"Total","535"
"Active","34"
"Accepted","22"
"Final","348"
"Provisional","1"
"Draft","46"
"Superseded","7"
"Deferred","38"
"Withdrawn","12"
"Rejected","28"
"Total","536"
"Active","34"
"Accepted","22"
"Final","348"
"Provisional","1"
"Draft","46"
"Superseded","7"
"Deferred","38"
"Withdrawn","13"
"Rejected","28"
"Total","537"
"Active","34"
"Accepted","22"
"Final","348"
"Provisional","1"
"Draft","46"
"Superseded","7"
"Deferred","38"
"Withdrawn","13"
"Rejected","29"
"Total","538"
"Active","34"
"Accepted","22"
"Final","348"
"Provisional","1"
"Draft","46"
"Superseded","7"
"Deferred","38"
"Withdrawn","14"
"Rejected","29"
"Total","539"
"Active","34"
"Accepted","22"
"Final","348"
"Provisional","1"
"Draft","46"
"Superseded","7"
"Deferred","38"
"Withdrawn","14"
"Rejected","30"
"Total","540"
"Active","34"
"Accepted","22"
"Final","348"
"Provisional","1"
"Draft","46"
"Superseded","7"
"Deferred","38"
"Withdrawn","14"
"Rejected","31"
"Total","541"
"Active","34"
"Accepted","22"
"Final","348"
"Provisional","1"
"Draft","46"
"Superseded","7"
"Deferred","38"
"Withdrawn","15"
"Rejected","31"
"Total","542"
"Active","34"
"Accepted","22"
"Final","348"
"Provisional","1"
"Draft","46"
"Superseded","7"
"Deferred","38"
"Withdrawn","16"
"Rejected","31"
"Total","543"
"Active","34"
"Accepted","22"
"Final","348"
"Provisional","1"
"Draft","46"
"Superseded","7"
"Deferred","38"
"Withdrawn","16"
"Rejected","32"
"Total","544"
"Active","34"
"Accepted","22"
"Final","348"
"Provisional","1"
"Draft","46"
"Superseded","7"
"Deferred","38"
"Withdrawn","16"
"Rejected","33"
"Total","545"
"Active","34"
"Accepted","22"
"Final","348"
"Provisional","1"
"Draft","46"
"Superseded","8"
"Deferred","38"
"Withdrawn","16"
"Rejected","33"
"Total","546"
"Active","34"
"Accepted","22"
"Final","348"
"Provisional","1"
"Draft","46"
"Superseded","8"
"Deferred","38"
"Withdrawn","16"
"Rejected","34"
"Total","547"
"Active","34"
"Accepted","22"
"Final","348"
"Provisional","1"
"Draft","46"
"Superseded","8"
"Deferred","38"
"Withdrawn","16"
"Rejected","35"
"Total","548"
"Active","34"
"Accepted","22"
"Final","348"
"Provisional","1"
"Draft","46"
"Superseded","8"
"Deferred","38"
"Withdrawn","16"
"Rejected","36"
"Total","549"
"Active","34"
"Accepted","22"
"Final","348"
"Provisional","1"
"Draft","46"
"Superseded","8"
"Deferred","38"
"Withdrawn","17"
"Rejected","36"
"Total","550"
"Active","34"
"Accepted","22"
"Final","348"
"Provisional","1"
"Draft","46"
"Superseded","8"
"Deferred","38"
"Withdrawn","17"
"Rejected","37"
"Total","551"
"Active","34"
"Accepted","22"
"Final","348"
"Provisional","1"
"Draft","46"
"Superseded","8"
"Deferred","38"
"Withdrawn","17"
"Rejected","38"
"Total","552"
"Active","34"
"Accepted","22"
"Final","348"
"Provisional","1"
"Draft","46"
"Superseded","8"
"Deferred","38"
"Withdrawn","17"
"Rejected","39"
"Total","553"
"Active","34"
"Accepted","22"
"Final","348"
"Provisional","1"
"Draft","46"
"Superseded","8"
"Deferred","38"
"Withdrawn","17"
"Rejected","40"
"Total","554"
"Active","34"
"Accepted","22"
"Final","348"
"Provisional","1"
"Draft","46"
"Superseded","8"
"Deferred","38"
"Withdrawn","17"
"Rejected","41"
"Total","555"
"Active","34"
"Accepted","22"
"Final","348"
"Provisional","1"
"Draft","46"
"Superseded","8"
"Deferred","38"
"Withdrawn","18"
"Rejected","41"
"Total","556"
"Active","34"
"Accepted","22"
"Final","348"
"Provisional","1"
"Draft","46"
"Superseded","8"
"Deferred","38"
"Withdrawn","18"
"Rejected","42"
"Total","557"
"Active","34"
"Accepted","22"
"Final","348"
"Provisional","1"
"Draft","46"
"Superseded","8"
"Deferred","38"
"Withdrawn","18"
"Rejected","43"
"Total","558"
"Active","34"
"Accepted","22"
"Final","348"
"Provisional","1"
"Draft","46"
"Superseded","8"
"Deferred","38"
"Withdrawn","19"
"Rejected","43"
"Total","559"
"Active","34"
"Accepted","22"
"Final","348"
"Provisional","1"
"Draft","46"
"Superseded","8"
"Deferred","38"
"Withdrawn","19"
"Rejected","44"
"Total","560"
"Active","34"
"Accepted","22"
"Final","348"
"Provisional","1"
"Draft","46"
"Superseded","9"
"Deferred","38"
"Withdrawn","19"
"Rejected","44"
"Total","561"
"Active","34"
"Accepted","22"
"Final","348"
"Provisional","1"
"Draft","46"
"Superseded","10"
"Deferred","38"
"Withdrawn","19"
"Rejected","44"
"Total","562"
"Active","34"
"Accepted","22"
"Final","348"
"Provisional","1"
"Draft","46"
"Superseded","10"
"Deferred","38"
"Withdrawn","20"
"Rejected","44"
"Total","563"
"Active","34"
"Accepted","22"
"Final","348"
"Provisional","1"
"Draft","46"
"Superseded","10"
"Deferred","38"
"Withdrawn","20"
"Rejected","45"
"Total","564"
"Active","34"
"Accepted","22"
"Final","348"
"Provisional","1"
"Draft","46"
"Superseded","10"
"Deferred","38"
"Withdrawn","20"
"Rejected","46"
"Total","565"
"Active","34"
"Accepted","22"
"Final","348"
"Provisional","1"
"Draft","46"
"Superseded","10"
"Deferred","38"
"Withdrawn","20"
"Rejected","47"
"Total","566"
"Active","34"
"Accepted","22"
"Final","348"
"Provisional","1"
"Draft","46"
"Superseded","10"
"Deferred","38"
"Withdrawn","20"
"Rejected","48"
"Total","567"
"Active","34"
"Accepted","22"
"Final","348"
"Provisional","1"
"Draft","46"
"Superseded","11"
"Deferred","38"
"Withdrawn","20"
"Rejected","48"
"Total","568"
"Active","34"
"Accepted","22"
"Final","348"
"Provisional","1"
"Draft","46"
"Superseded","11"
"Deferred","38"
"Withdrawn","20"
"Rejected","49"
"Total","569"
"Active","34"
"Accepted","22"
"Final","348"
"Provisional","1"
"Draft","46"
"Superseded","11"
"Deferred","38"
"Withdrawn","21"
"Rejected","49"
"Total","570"
"Active","34"
"Accepted","22"
"Final","348"
"Provisional","1"
"Draft","46"
"Superseded","11"
"Deferred","38"
"Withdrawn","21"
"Rejected","50"
"Total","571"
"Active","34"
"Accepted","22"
"Final","348"
"Provisional","1"
"Draft","46"
"Superseded","11"
"Deferred","38"
"Withdrawn","22"
"Rejected","50"
"Total","572"
"Active","34"
"Accepted","22"
"Final","348"
"Provisional","1"
"Draft","46"
"Superseded","11"
"Deferred","38"
"Withdrawn","22"
"Rejected","51"
"Total","573"
"Active","34"
"Accepted","22"
"Final","348"
"Provisional","1"
"Draft","46"
"Superseded","12"
"Deferred","38"
"Withdrawn","22"
"Rejected","51"
"Total","574"
"Active","34"
"Accepted","22"
"Final","348"
"Provisional","1"
"Draft","46"
"Superseded","12"
"Deferred","38"
"Withdrawn","23"
"Rejected","51"
"Total","575"
"Active","34"
"Accepted","22"
"Final","348"
"Provisional","1"
"Draft","46"
"Superseded","12"
"Deferred","38"
"Withdrawn","23"
"Rejected","52"
"Total","576"
"Active","34"
"Accepted","22"
"Final","348"
"Provisional","1"
"Draft","46"
"Superseded","12"
"Deferred","38"
"Withdrawn","24"
"Rejected","52"
"Total","577"
"Active","34"
"Accepted","22"
"Final","348"
"Provisional","1"
"Draft","46"
"Superseded","12"
"Deferred","38"
"Withdrawn","25"
"Rejected","52"
"Total","578"
"Active","34"
"Accepted","22"
"Final","348"
"Provisional","1"
"Draft","46"
"Superseded","12"
"Deferred","38"
"Withdrawn","25"
"Rejected","53"
"Total","579"
"Active","34"
"Accepted","22"
"Final","348"
"Provisional","1"
"Draft","46"
"Superseded","13"
"Deferred","38"
"Withdrawn","25"
"Rejected","53"
"Total","580"
"Active","34"
"Accepted","22"
"Final","348"
"Provisional","1"
"Draft","46"
"Superseded","13"
"Deferred","38"
"Withdrawn","25"
"Rejected","54"
"Total","581"
"Active","34"
"Accepted","22"
"Final","348"
"Provisional","1"
"Draft","46"
"Superseded","13"
"Deferred","38"
"Withdrawn","26"
"Rejected","54"
"Total","582"
"Active","34"
"Accepted","22"
"Final","348"
"Provisional","1"
"Draft","46"
"Superseded","13"
"Deferred","38"
"Withdrawn","27"
"Rejected","54"
"Total","583"
"Active","34"
"Accepted","22"
"Final","348"
"Provisional","1"
"Draft","46"
"Superseded","13"
"Deferred","38"
"Withdrawn","27"
"Rejected","54"
"April Fool!","1"
"Total","584"
"Active","34"
"Accepted","22"
"Final","348"
"Provisional","1"
"Draft","46"
"Superseded","13"
"Deferred","38"
"Withdrawn","27"
"Rejected","55"
"April Fool!","1"
"Total","585"
"Active","34"
"Accepted","22"
"Final","348"
"Provisional","1"
"Draft","46"
"Superseded","13"
"Deferred","38"
"Withdrawn","28"
"Rejected","55"
"April Fool!","1"
"Total","586"
"Active","34"
"Accepted","22"
"Final","348"
"Provisional","1"
"Draft","46"
"Superseded","13"
"Deferred","38"
"Withdrawn","28"
"Rejected","56"
"April Fool!","1"
"Total","587"
"Active","34"
"Accepted","22"
"Final","348"
"Provisional","1"
"Draft","46"
"Superseded","13"
"Deferred","38"
"Withdrawn","28"
"Rejected","57"
"April Fool!","1"
"Total","588"
"Active","34"
"Accepted","22"
"Final","348"
"Provisional","1"
"Draft","46"
"Superseded","14"
"Deferred","38"
"Withdrawn","28"
"Rejected","57"
"April Fool!","1"
"Total","589"
"Active","34"
"Accepted","22"
"Final","348"
"Provisional","1"
"Draft","46"
"Superseded","14"
"Deferred","38"
"Withdrawn","29"
"Rejected","57"
"April Fool!","1"
"Total","590"
"Active","34"
"Accepted","22"
"Final","348"
"Provisional","1"
"Draft","46"
"Superseded","14"
"Deferred","38"
"Withdrawn","29"
"Rejected","58"
"April Fool!","1"
"Total","591"
"Active","34"
"Accepted","22"
"Final","348"
"Provisional","1"
"Draft","46"
"Superseded","14"
"Deferred","38"
"Withdrawn","30"
"Rejected","58"
"April Fool!","1"
"Total","592"
"Active","34"
"Accepted","22"
"Final","348"
"Provisional","1"
"Draft","46"
"Superseded","14"
"Deferred","38"
"Withdrawn","31"
"Rejected","58"
"April Fool!","1"
"Total","593"
"Active","34"
"Accepted","22"
"Final","348"
"Provisional","1"
"Draft","46"
"Superseded","15"
"Deferred","38"
"Withdrawn","31"
"Rejected","58"
"April Fool!","1"
"Total","594"
"Active","34"
"Accepted","22"
"Final","348"
"Provisional","1"
"Draft","46"
"Superseded","15"
"Deferred","38"
"Withdrawn","32"
"Rejected","58"
"April Fool!","1"
"Total","595"
"Active","34"
"Accepted","22"
"Final","348"
"Provisional","1"
"Draft","46"
"Superseded","16"
"Deferred","38"
"Withdrawn","32"
"Rejected","58"
"April Fool!","1"
"Total","596"
"Active","34"
"Accepted","22"
"Final","348"
"Provisional","1"
"Draft","46"
"Superseded","16"
"Deferred","38"
"Withdrawn","32"
"Rejected","59"
"April Fool!","1"
"Total","597"
"Active","34"
"Accepted","22"
"Final","348"
"Provisional","1"
"Draft","46"
"Superseded","16"
"Deferred","38"
"Withdrawn","32"
"Rejected","60"
"April Fool!","1"
"Total","598"
"Active","34"
"Accepted","22"
"Final","348"
"Provisional","1"
"Draft","46"
"Superseded","16"
"Deferred","38"
"Withdrawn","32"
"Rejected","61"
"April Fool!","1"
"Total","599"
"Active","34"
"Accepted","22"
"Final","348"
"Provisional","1"
"Draft","46"
"Superseded","16"
"Deferred","38"
"Withdrawn","33"
"Rejected","61"
"April Fool!","1"
"Total","600"
"Active","34"
"Accepted","22"
"Final","348"
"Provisional","1"
"Draft","46"
"Superseded","16"
"Deferred","38"
"Withdrawn","34"
"Rejected","61"
"April Fool!","1"
"Total","601"
"Active","34"
"Accepted","22"
"Final","348"
"Provisional","1"
"Draft","46"
"Superseded","16"
"Deferred","38"
"Withdrawn","35"
"Rejected","61"
"April Fool!","1"
"Total","602"
"Active","34"
"Accepted","22"
"Final","348"
"Provisional","1"
"Draft","46"
"Superseded","16"
"Deferred","38"
"Withdrawn","35"
"Rejected","62"
"April Fool!","1"
"Total","603"
"Active","34"
"Accepted","22"
"Final","348"
"Provisional","1"
"Draft","46"
"Superseded","16"
"Deferred","38"
"Withdrawn","36"
"Rejected","62"
"April Fool!","1"
"Total","604"
"Active","34"
"Accepted","22"
"Final","348"
"Provisional","1"
"Draft","46"
"Superseded","16"
"Deferred","38"
"Withdrawn","36"
"Rejected","63"
"April Fool!","1"
"Total","605"
"Active","34"
"Accepted","22"
"Final","348"
"Provisional","1"
"Draft","46"
"Superseded","16"
"Deferred","38"
"Withdrawn","36"
"Rejected","64"
"April Fool!","1"
"Total","606"
"Active","34"
"Accepted","22"
"Final","348"
"Provisional","1"
"Draft","46"
"Superseded","16"
"Deferred","38"
"Withdrawn","37"
"Rejected","64"
"April Fool!","1"
"Total","607"
"Active","34"
"Accepted","22"
"Final","348"
"Provisional","1"
"Draft","46"
"Superseded","16"
"Deferred","38"
"Withdrawn","38"
"Rejected","64"
"April Fool!","1"
"Total","608"
"Active","34"
"Accepted","22"
"Final","348"
"Provisional","1"
"Draft","46"
"Superseded","16"
"Deferred","38"
"Withdrawn","38"
"Rejected","65"
"April Fool!","1"
"Total","609"
"Active","34"
"Accepted","22"
"Final","348"
"Provisional","1"
"Draft","46"
"Superseded","16"
"Deferred","38"
"Withdrawn","38"
"Rejected","66"
"April Fool!","1"
"Total","610"
"Active","34"
"Accepted","22"
"Final","348"
"Provisional","1"
"Draft","46"
"Superseded","16"
"Deferred","38"
"Withdrawn","38"
"Rejected","67"
"April Fool!","1"
"Total","611"
"Active","34"
"Accepted","22"
"Final","348"
"Provisional","1"
"Draft","46"
"Superseded","16"
"Deferred","38"
"Withdrawn","38"
"Rejected","68"
"April Fool!","1"
"Total","612"
"Active","34"
"Accepted","22"
"Final","348"
"Provisional","1"
"Draft","46"
"Superseded","16"
"Deferred","38"
"Withdrawn","39"
"Rejected","68"
"April Fool!","1"
"Total","613"
"Active","34"
"Accepted","22"
"Final","348"
"Provisional","1"
"Draft","46"
"Superseded","16"
"Deferred","38"
"Withdrawn","39"
"Rejected","69"
"April Fool!","1"
"Total","614"
"Active","34"
"Accepted","22"
"Final","348"
"Provisional","1"
"Draft","46"
"Superseded","16"
"Deferred","38"
"Withdrawn","40"
"Rejected","69"
"April Fool!","1"
"Total","615"
"Active","34"
"Accepted","22"
"Final","348"
"Provisional","1"
"Draft","46"
"Superseded","16"
"Deferred","38"
"Withdrawn","40"
"Rejected","70"
"April Fool!","1"
"Total","616"
"Active","34"
"Accepted","22"
"Final","348"
"Provisional","1"
"Draft","46"
"Superseded","17"
"Deferred","38"
"Withdrawn","40"
"Rejected","70"
"April Fool!","1"
"Total","617"
"Active","34"
"Accepted","22"
"Final","348"
"Provisional","1"
"Draft","46"
"Superseded","17"
"Deferred","38"
"Withdrawn","40"
"Rejected","71"
"April Fool!","1"
"Total","618"
"Active","34"
"Accepted","22"
"Final","348"
"Provisional","1"
"Draft","46"
"Superseded","17"
"Deferred","38"
"Withdrawn","40"
"Rejected","72"
"April Fool!","1"
"Total","619"
"Active","34"
"Accepted","22"
"Final","348"
"Provisional","1"
"Draft","46"
"Superseded","18"
"Deferred","38"
"Withdrawn","40"
"Rejected","72"
"April Fool!","1"
"Total","620"
"Active","34"
"Accepted","22"
"Final","348"
"Provisional","1"
"Draft","46"
"Superseded","18"
"Deferred","38"
"Withdrawn","40"
"Rejected","73"
"April Fool!","1"
"Total","621"
"Active","34"
"Accepted","22"
"Final","348"
"Provisional","1"
"Draft","46"
"Superseded","18"
"Deferred","38"
"Withdrawn","41"
"Rejected","73"
"April Fool!","1"
"Total","622"
"Active","34"
"Accepted","22"
"Final","348"
"Provisional","1"
"Draft","46"
"Superseded","18"
"Deferred","38"
"Withdrawn","41"
"Rejected","74"
"April Fool!","1"
"Total","623"
"Active","34"
"Accepted","22"
"Final","348"
"Provisional","1"
"Draft","46"
"Superseded","18"
"Deferred","38"
"Withdrawn","42"
"Rejected","74"
"April Fool!","1"
"Total","624"
"Active","34"
"Accepted","22"
"Final","348"
"Provisional","1"
"Draft","46"
"Superseded","18"
"Deferred","38"
"Withdrawn","43"
"Rejected","74"
"April Fool!","1"
"Total","625"
"Active","34"
"Accepted","22"
"Final","348"
"Provisional","1"
"Draft","46"
"Superseded","18"
"Deferred","38"
"Withdrawn","43"
"Rejected","75"
"April Fool!","1"
"Total","626"
"Active","34"
"Accepted","22"
"Final","348"
"Provisional","1"
"Draft","46"
"Superseded","18"
"Deferred","38"
"Withdrawn","44"
"Rejected","75"
"April Fool!","1"
"Total","627"
"Active","34"
"Accepted","22"
"Final","348"
"Provisional","1"
"Draft","46"
"Superseded","18"
"Deferred","38"
"Withdrawn","44"
"Rejected","76"
"April Fool!","1"
"Total","628"
"Active","34"
"Accepted","22"
"Final","348"
"Provisional","1"
"Draft","46"
"Superseded","18"
"Deferred","38"
"Withdrawn","44"
"Rejected","77"
"April Fool!","1"
"Total","629"
"Active","34"
"Accepted","22"
"Final","348"
"Provisional","1"
"Draft","46"
"Superseded","18"
"Deferred","38"
"Withdrawn","44"
"Rejected","78"
"April Fool!","1"
"Total","630"
"Active","34"
"Accepted","22"
"Final","348"
"Provisional","1"
"Draft","46"
"Superseded","18"
"Deferred","38"
"Withdrawn","45"
"Rejected","78"
"April Fool!","1"
"Total","631"
"Active","34"
"Accepted","22"
"Final","348"
"Provisional","1"
"Draft","46"
"Superseded","18"
"Deferred","38"
"Withdrawn","46"
"Rejected","78"
"April Fool!","1"
"Total","632"
"Active","34"
"Accepted","22"
"Final","348"
"Provisional","1"
"Draft","46"
"Superseded","19"
"Deferred","38"
"Withdrawn","46"
"Rejected","78"
"April Fool!","1"
"Total","633"
"Active","34"
"Accepted","22"
"Final","348"
"Provisional","1"
"Draft","46"
"Superseded","19"
"Deferred","38"
"Withdrawn","47"
"Rejected","78"
"April Fool!","1"
"Total","634"
"Active","34"
"Accepted","22"
"Final","348"
"Provisional","1"
"Draft","46"
"Superseded","19"
"Deferred","38"
"Withdrawn","48"
"Rejected","78"
"April Fool!","1"
"Total","635"
"Active","34"
"Accepted","22"
"Final","348"
"Provisional","1"
"Draft","46"
"Superseded","19"
"Deferred","38"
"Withdrawn","48"
"Rejected","79"
"April Fool!","1"
"Total","636"
"Active","34"
"Accepted","22"
"Final","348"
"Provisional","1"
"Draft","46"
"Superseded","20"
"Deferred","38"
"Withdrawn","48"
"Rejected","79"
"April Fool!","1"
"Total","637"
"Active","34"
"Accepted","22"
"Final","348"
"Provisional","1"
"Draft","46"
"Superseded","21"
"Deferred","38"
"Withdrawn","48"
"Rejected","79"
"April Fool!","1"
"Total","638"
"Active","34"
"Accepted","22"
"Final","348"
"Provisional","1"
"Draft","46"
"Superseded","21"
"Deferred","38"
"Withdrawn","49"
"Rejected","79"
"April Fool!","1"
"Total","639"
"Active","34"
"Accepted","22"
"Final","348"
"Provisional","1"
"Draft","46"
"Superseded","21"
"Deferred","38"
"Withdrawn","50"
"Rejected","79"
"April Fool!","1"
"Total","640"
"Active","34"
"Accepted","22"
"Final","348"
"Provisional","1"
"Draft","46"
"Superseded","21"
"Deferred","38"
"Withdrawn","51"
"Rejected","79"
"April Fool!","1"
"Total","641"
"Active","34"
"Accepted","22"
"Final","348"
"Provisional","1"
"Draft","46"
"Superseded","21"
"Deferred","38"
"Withdrawn","51"
"Rejected","80"
"April Fool!","1"
"Total","642"
"Active","34"
"Accepted","22"
"Final","348"
"Provisional","1"
"Draft","46"
"Superseded","21"
"Deferred","38"
"Withdrawn","51"
"Rejected","81"
"April Fool!","1"
"Total","643"
"Active","34"
"Accepted","22"
"Final","348"
"Provisional","1"
"Draft","46"
"Superseded","21"
"Deferred","38"
"Withdrawn","52"
"Rejected","81"
"April Fool!","1"
"Total","644"
"Active","34"
"Accepted","22"
"Final","348"
"Provisional","1"
"Draft","46"
"Superseded","21"
"Deferred","38"
"Withdrawn","53"
"Rejected","81"
"April Fool!","1"
"Total","645"
"Active","34"
"Accepted","22"
"Final","348"
"Provisional","1"
"Draft","46"
"Superseded","21"
"Deferred","38"
"Withdrawn","54"
"Rejected","81"
"April Fool!","1"
"Total","646"
"Active","34"
"Accepted","22"
"Final","348"
"Provisional","1"
"Draft","46"
"Superseded","22"
"Deferred","38"
"Withdrawn","54"
"Rejected","81"
"April Fool!","1"
"Total","647"
"Active","34"
"Accepted","22"
"Final","348"
"Provisional","1"
"Draft","46"
"Superseded","22"
"Deferred","38"
"Withdrawn","54"
"Rejected","82"
"April Fool!","1"
"Total","648"
"Active","34"
"Accepted","22"
"Final","348"
"Provisional","1"
"Draft","46"
"Superseded","22"
"Deferred","38"
"Withdrawn","54"
"Rejected","83"
"April Fool!","1"
"Total","649"
"Active","34"
"Accepted","22"
"Final","348"
"Provisional","1"
"Draft","46"
"Superseded","22"
"Deferred","38"
"Withdrawn","54"
"Rejected","84"
"April Fool!","1"
"Total","650"
"Active","34"
"Accepted","22"
"Final","348"
"Provisional","1"
"Draft","46"
"Superseded","22"
"Deferred","38"
"Withdrawn","54"
"Rejected","85"
"April Fool!","1"
"Total","651"
"Active","34"
"Accepted","22"
"Final","348"
"Provisional","1"
"Draft","46"
"Superseded","22"
"Deferred","38"
"Withdrawn","55"
"Rejected","85"
"April Fool!","1"
"Total","652"
"Active","34"
"Accepted","22"
"Final","348"
"Provisional","1"
"Draft","46"
"Superseded","22"
"Deferred","38"
"Withdrawn","56"
"Rejected","85"
"April Fool!","1"
"Total","653"
"Active","34"
"Accepted","22"
"Final","348"
"Provisional","1"
"Draft","46"
"Superseded","23"
"Deferred","38"
"Withdrawn","56"
"Rejected","85"
"April Fool!","1"
"Total","654"
"Active","34"
"Accepted","22"
"Final","348"
"Provisional","1"
"Draft","46"
"Superseded","24"
"Deferred","38"
"Withdrawn","56"
"Rejected","85"
"April Fool!","1"
"Total","655"
"Active","34"
"Accepted","22"
"Final","348"
"Provisional","1"
"Draft","46"
"Superseded","24"
"Deferred","38"
"Withdrawn","56"
"Rejected","86"
"April Fool!","1"
"Total","656"
"Active","34"
"Accepted","22"
"Final","348"
"Provisional","1"
"Draft","46"
"Superseded","24"
"Deferred","38"
"Withdrawn","56"
"Rejected","87"
"April Fool!","1"
"Total","657"
"Active","34"
"Accepted","22"
"Final","348"
"Provisional","1"
"Draft","46"
"Superseded","24"
"Deferred","38"
"Withdrawn","56"
"Rejected","88"
"April Fool!","1"
"Total","658"
"Active","34"
"Accepted","22"
"Final","348"
"Provisional","1"
"Draft","46"
"Superseded","24"
"Deferred","38"
"Withdrawn","56"
"Rejected","89"
"April Fool!","1"
"Total","659"
"Active","34"
"Accepted","22"
"Final","348"
"Provisional","1"
"Draft","46"
"Superseded","24"
"Deferred","38"
"Withdrawn","56"
"Rejected","90"
"April Fool!","1"
"Total","660"
"Active","34"
"Accepted","22"
"Final","348"
"Provisional","1"
"Draft","46"
"Superseded","24"
"Deferred","38"
"Withdrawn","57"
"Rejected","90"
"April Fool!","1"
"Total","661"
"Active","34"
"Accepted","22"
"Final","348"
"Provisional","1"
"Draft","46"
"Superseded","24"
"Deferred","38"
"Withdrawn","57"
"Rejected","91"
"April Fool!","1"
"Total","662"
"Active","34"
"Accepted","22"
"Final","348"
"Provisional","1"
"Draft","46"
"Superseded","24"
"Deferred","38"
"Withdrawn","58"
"Rejected","91"
"April Fool!","1"
"Total","663"
"Active","34"
"Accepted","22"
"Final","348"
"Provisional","1"
"Draft","46"
"Superseded","24"
"Deferred","38"
"Withdrawn","58"
"Rejected","92"
"April Fool!","1"
"Total","664"
"Active","34"
"Accepted","22"
"Final","348"
"Provisional","1"
"Draft","46"
"Superseded","24"
"Deferred","38"
"Withdrawn","58"
"Rejected","93"
"April Fool!","1"
"Total","665"
"Active","34"
"Accepted","22"
"Final","348"
"Provisional","1"
"Draft","46"
"Superseded","24"
"Deferred","38"
"Withdrawn","58"
"Rejected","94"
"April Fool!","1"
"Total","666"
"Active","34"
"Accepted","22"
"Final","348"
"Provisional","1"
"Draft","46"
"Superseded","24"
"Deferred","38"
"Withdrawn","58"
"Rejected","95"
"April Fool!","1"
"Total","667"
"Active","34"
"Accepted","22"
"Final","348"
"Provisional","1"
"Draft","46"
"Superseded","24"
"Deferred","38"
"Withdrawn","58"
"Rejected","96"
"April Fool!","1"
"Total","668"
"Active","34"
"Accepted","22"
"Final","348"
"Provisional","1"
"Draft","46"
"Superseded","24"
"Deferred","38"
"Withdrawn","58"
"Rejected","97"
"April Fool!","1"
"Total","669"
"Active","34"
"Accepted","22"
"Final","348"
"Provisional","1"
"Draft","46"
"Superseded","24"
"Deferred","38"
"Withdrawn","58"
"Rejected","98"
"April Fool!","1"
"Total","670"
"Active","34"
"Accepted","22"
"Final","348"
"Provisional","1"
"Draft","46"
"Superseded","24"
"Deferred","38"
"Withdrawn","58"
"Rejected","99"
"April Fool!","1"
"Total","671"
"Active","34"
"Accepted","22"
"Final","348"
"Provisional","1"
"Draft","46"
"Superseded","24"
"Deferred","38"
"Withdrawn","59"
"Rejected","99"
"April Fool!","1"
"Total","672"
"Active","34"
"Accepted","22"
"Final","348"
"Provisional","1"
"Draft","46"
"Superseded","24"
"Deferred","38"
"Withdrawn","59"
"Rejected","100"
"April Fool!","1"
"Total","673"
"Active","34"
"Accepted","22"
"Final","348"
"Provisional","1"
"Draft","46"
"Superseded","24"
"Deferred","38"
"Withdrawn","59"
"Rejected","101"
"April Fool!","1"
"Total","674"
"Active","34"
"Accepted","22"
"Final","348"
"Provisional","1"
"Draft","46"
"Superseded","24"
"Deferred","38"
"Withdrawn","59"
"Rejected","102"
"April Fool!","1"
"Total","675"
"Active","34"
"Accepted","22"
"Final","348"
"Provisional","1"
"Draft","46"
"Superseded","24"
"Deferred","38"
"Withdrawn","59"
"Rejected","103"
"April Fool!","1"
"Total","676"
"Active","34"
"Accepted","22"
"Final","348"
"Provisional","1"
"Draft","46"
"Superseded","24"
"Deferred","38"
"Withdrawn","60"
"Rejected","103"
"April Fool!","1"
"Total","677"
"Active","34"
"Accepted","22"
"Final","348"
"Provisional","1"
"Draft","46"
"Superseded","24"
"Deferred","38"
"Withdrawn","60"
"Rejected","104"
"April Fool!","1"
"Total","678"
"Active","34"
"Accepted","22"
"Final","348"
"Provisional","1"
"Draft","46"
"Superseded","24"
"Deferred","38"
"Withdrawn","61"
"Rejected","104"
"April Fool!","1"
"Total","679"
"Active","34"
"Accepted","22"
"Final","348"
"Provisional","1"
"Draft","46"
"Superseded","24"
"Deferred","38"
"Withdrawn","61"
"Rejected","105"
"April Fool!","1"
"Total","680"
"Active","34"
"Accepted","22"
"Final","348"
"Provisional","1"
"Draft","46"
"Superseded","24"
"Deferred","38"
"Withdrawn","61"
"Rejected","106"
"April Fool!","1"
"Total","681"
"Active","34"
"Accepted","22"
"Final","348"
"Provisional","1"
"Draft","46"
"Superseded","24"
"Deferred","38"
"Withdrawn","62"
"Rejected","106"
"April Fool!","1"
"Total","682"
"Active","34"
"Accepted","22"
"Final","348"
"Provisional","1"
"Draft","46"
"Superseded","24"
"Deferred","38"
"Withdrawn","63"
"Rejected","106"
"April Fool!","1"
"Total","683"
"Active","34"
"Accepted","22"
"Final","348"
"Provisional","1"
"Draft","46"
"Superseded","24"
"Deferred","38"
"Withdrawn","64"
"Rejected","106"
"April Fool!","1"
"Total","684"
"Active","34"
"Accepted","22"
"Final","348"
"Provisional","1"
"Draft","46"
"Superseded","24"
"Deferred","38"
"Withdrawn","65"
"Rejected","106"
"April Fool!","1"
"Total","685"
"Active","34"
"Accepted","22"
"Final","348"
"Provisional","1"
"Draft","46"
"Superseded","24"
"Deferred","38"
"Withdrawn","65"
"Rejected","107"
"April Fool!","1"
"Total","686"
"Active","34"
"Accepted","22"
"Final","348"
"Provisional","1"
"Draft","46"
"Superseded","24"
"Deferred","38"
"Withdrawn","66"
"Rejected","107"
"April Fool!","1"
"Total","687"
"Active","34"
"Accepted","22"
"Final","348"
"Provisional","1"
"Draft","46"
"Superseded","24"
"Deferred","38"
"Withdrawn","66"
"Rejected","108"
"April Fool!","1"
"Total","688"
"Active","34"
"Accepted","22"
"Final","348"
"Provisional","1"
"Draft","46"
"Superseded","24"
"Deferred","38"
"Withdrawn","67"
"Rejected","108"
"April Fool!","1"
"Total","689"
"Active","34"
"Accepted","22"
"Final","348"
"Provisional","1"
"Draft","46"
"Superseded","24"
"Deferred","38"
"Withdrawn","67"
"Rejected","109"
"April Fool!","1"
"Total","690"
"Active","34"
"Accepted","22"
"Final","348"
"Provisional","1"
"Draft","46"
"Superseded","24"
"Deferred","38"
"Withdrawn","67"
"Rejected","110"
"April Fool!","1"
"Total","691"
"Active","34"
"Accepted","22"
"Final","348"
"Provisional","1"
"Draft","46"
"Superseded","24"
"Deferred","38"
"Withdrawn","67"
"Rejected","111"
"April Fool!","1"
"Total","692"
"Active","34"
"Accepted","22"
"Final","348"
"Provisional","1"
"Draft","46"
"Superseded","24"
"Deferred","38"
"Withdrawn","67"
"Rejected","112"
"April Fool!","1"
"Total","693"
"Active","34"
"Accepted","22"
"Final","348"
"Provisional","1"
"Draft","46"
"Superseded","24"
"Deferred","38"
"Withdrawn","67"
"Rejected","113"
"April Fool!","1"
"Total","694"
"Active","34"
"Accepted","22"
"Final","348"
"Provisional","1"
"Draft","46"
"Superseded","24"
"Deferred","38"
"Withdrawn","67"
"Rejected","114"
"April Fool!","1"
"Total","695"
"Active","34"
"Accepted","22"
"Final","348"
"Provisional","1"
"Draft","46"
"Superseded","24"
"Deferred","38"
"Withdrawn","67"
"Rejected","115"
"April Fool!","1"
"Total","696"
"Active","34"
"Accepted","22"
"Final","348"
"Provisional","1"
"Draft","46"
"Superseded","24"
"Deferred","38"
"Withdrawn","67"
"Rejected","116"
"April Fool!","1"
"Total","697"
"Active","34"
"Accepted","22"
"Final","348"
"Provisional","1"
"Draft","46"
"Superseded","24"
"Deferred","38"
"Withdrawn","67"
"Rejected","117"
"April Fool!","1"
"Total","698"
"Active","34"
"Accepted","22"
"Final","348"
"Provisional","1"
"Draft","46"
"Superseded","24"
"Deferred","38"
"Withdrawn","67"
"Rejected","118"
"April Fool!","1"
"Total","699"
"Active","34"
"Accepted","22"
"Final","348"
"Provisional","1"
"Draft","46"
"Superseded","24"
"Deferred","38"
"Withdrawn","67"
"Rejected","119"
"April Fool!","1"
"Total","700"
"Active","34"
"Accepted","22"
"Final","348"
"Provisional","1"
"Draft","46"
"Superseded","24"
"Deferred","38"
"Withdrawn","67"
"Rejected","120"
"April Fool!","1"
"Total","701"
"Active","34"
"Accepted","22"
"Final","348"
"Provisional","1"
"Draft","46"
"Superseded","24"
"Deferred","38"
"Withdrawn","68"
"Rejected","120"
"April Fool!","1"
"Total","702"
"Active","34"
"Accepted","22"
"Final","348"
"Provisional","1"
"Draft","46"
"Superseded","24"
"Deferred","38"
"Withdrawn","69"
"Rejected","120"
"April Fool!","1"
"Total","703"
"Active","34"
"Accepted","22"
"Final","348"
"Provisional","1"
"Draft","46"
"Superseded","24"
"Deferred","38"
"Withdrawn","69"
"Rejected","121"
"April Fool!","1"
"Total","704"
"Active","34"
"Accepted","22"
"Final","348"
"Provisional","1"
"Draft","46"
"Superseded","25"
"Deferred","38"
"Withdrawn","69"
"Rejected","121"
"April Fool!","1"
"Total","705"
"Active","34"
"Accepted","22"
"Final","348"
"Provisional","1"
"Draft","46"
"Superseded","25"
"Deferred","38"
"Withdrawn","69"
"Rejected","122"
"April Fool!","1"
"Total","706"
"Active","34"
"Accepted","22"
"Final","348"
"Provisional","1"
"Draft","46"
"Superseded","25"
"Deferred","38"
"Withdrawn","69"
"Rejected","123"
"April Fool!","1"
"Total","707"
"Active","34"
"Accepted","22"
"Final","348"
"Provisional","1"
"Draft","46"
"Superseded","25"
"Deferred","38"
"Withdrawn","69"
"Rejected","124"
"April Fool!","1"
"Total","708"
"Active","34"
"Accepted","22"
"Final","348"
"Provisional","1"
"Draft","46"
"Superseded","25"
"Deferred","38"
"Withdrawn","69"
"Rejected","125"
"April Fool!","1"
"Total","709"
"Active","34"
"Accepted","22"
"Final","348"
"Provisional","1"
"Draft","46"
"Superseded","25"
"Deferred","38"
"Withdrawn","69"
"Rejected","126"
"April Fool!","1"
"Total","710"
"Active","34"
"Accepted","22"
"Final","348"
"Provisional","1"
"Draft","46"
"Superseded","25"
"Deferred","38"
"Withdrawn","69"
"Rejected","127"
"April Fool!","1"
"Total","711"
